screen_name,name,text,retweet_count,location
aj_dones,Hala Madrid ğŸ¤,"RT @realmadridfem: 85' | 3-0 | Â¡Â¡Â¡Â¡GOOOOOOOOOOOOOOL DE @KosovareAsllani!!!!
#RealMadrid | #HalaMadrid https://t.co/jbJVgRft7t",136,"traveling, knowing somewhere.."
jimbobcast,JimBobCast,"Fuck My Boots!! Sergio Ramos has scored 100!!!! Goals for @realmadriden 

That is ridiculous!! A centre back with 1â€¦ https://t.co/chuseYSQpg",0,
SaberiAfsaneh,afsaneh saberi,"RT @realmadridfem: 28' | 2-0 | Â¡Â¡Â¡Â¡GOOOOOOOOOOOOOOOOL DE @KosovareAsllani!!!!
#HalaMadrid | #RealMadrid https://t.co/iJlxBzSTJq",162,
fitsum,ğŸ‡ªğŸ‡¹ğŸ‡ºğŸ‡¸ğŸ¤™ğŸ¾áááˆ,@FCBarcelona @ChampionsLeague @ivanhelguera1 @Oficial_RC3 @3gerardpique LOL the same week @SergioRamos scores his 100th for #RealMadrid,0,+1 202
greatinwang,Inwang Victor Nsikan,"RT @tru_challenge: ğŸ¤© Former Real Madrid &amp; Inter Milan star Roberto Carlos has set you a free-kick challenge, check it out below!

CHALLENGEâ€¦",1,"Port Harcourt, Nigeria ğŸ‡³ğŸ‡¬"
CasemiroCDM,C âšªï¸,I would sell my soul to the devil to make this happen. #RealMadrid https://t.co/JJ43oHpxDA,0,
ThePrinceMaba,Cliff Wang,RT @Bolt_Global: âš¡ï¸#RealMadrid will be looking for their first #ChampionsLeague victory of the season when they welcome #InterMilan to theâ€¦,0,
90SOCCER,90SOCCER,#ChampionsLeague - #Liverpool and #RealMadrid in the front line. #UCL https://t.co/hSl08tWEFd,0,"California, USA"
en_endm,endm.en,RT @morfootball_: @diarioas revealed that #RealMadrid has negotiated a matching-right in the transfer of Achraf #Hakimi. That means when heâ€¦,3,
morfootball_,MorFootball,@diarioas revealed that #RealMadrid has negotiated a matching-right in the transfer of Achraf #Hakimi. That means wâ€¦ https://t.co/8FJyyBNlyO,3,
officialkhris1,Swag,"Champions League: Basaksehir 2 (FT) 1 Manchester United
#football #soccer #sports #futbol #fifa #sportâ€¦ https://t.co/44Gg9X2NpS",0,
ElDiarioBlanco7,El Diario Blanco,"Interesante estadÃ­stica de Transfermarkt con los mÃ¡ximos goleadores blancos del Siglo XXI â¬‡ï¸â¬‡ï¸â¬‡ï¸

4ï¸âƒ£5ï¸âƒ£0ï¸âƒ£ Cristiaâ€¦ https://t.co/QA9eOV3qwU",0,
JesusCorral19,Jesus Corral,"RT @realmadridfem: 85' | 3-0 | Â¡Â¡Â¡Â¡GOOOOOOOOOOOOOOL DE @KosovareAsllani!!!!
#RealMadrid | #HalaMadrid https://t.co/jbJVgRft7t",136,
marcosvd__,Marcos Vicente DÃ­az,"RT @realmadridfem: 85' | 3-0 | Â¡Â¡Â¡Â¡GOOOOOOOOOOOOOOL DE @KosovareAsllani!!!!
#RealMadrid | #HalaMadrid https://t.co/jbJVgRft7t",136,"Parla, EspaÃ±a"
basketlover33,Triplesyasistencias,Thompkins nunca hace falta ğŸ˜‚ğŸ˜‚ğŸ˜‚ #ACB #LigaEndesa #RealMadrid,0,
amazingdarus,Darus Dangana,RT @Bolt_Global: âš¡ï¸#RealMadrid will be looking for their first #ChampionsLeague victory of the season when they welcome #InterMilan to theâ€¦,310,"Abuja,Nigeria"
fut_ballersfc,Futballers F.C,The GOAT Of DefendingğŸ™ğŸ¾ #sergioramos @sergioramos #madrid #realmadrid  @realmadrid https://t.co/HoC8Zqssqp,0,"Chicago, IL"
soccerfanatictv,Soccer Fanatic TV,Martinez turns focus to Atalanta after details make the difference in Madrid https://t.co/iUKoQlwq5K #trendingâ€¦ https://t.co/7A2KgCeD8d,37,
danielzetee,Daniel T,RT @Bolt_Global: âš¡ï¸#RealMadrid will be looking for their first #ChampionsLeague victory of the season when they welcome #InterMilan to theâ€¦,310,
Oyinademi3,Oyinademi,RT @Bolt_Global: âš¡ï¸#RealMadrid will be looking for their first #ChampionsLeague victory of the season when they welcome #InterMilan to theâ€¦,310,
Heyna959,Heyna,RT @Bolt_Global: âš¡ï¸#RealMadrid will be looking for their first #ChampionsLeague victory of the season when they welcome #InterMilan to theâ€¦,310,
Buktoy1,Buktoy,RT @Bolt_Global: âš¡ï¸#RealMadrid will be looking for their first #ChampionsLeague victory of the season when they welcome #InterMilan to theâ€¦,310,
TitilopeGrace6,Titilope Grace,RT @Bolt_Global: âš¡ï¸#RealMadrid will be looking for their first #ChampionsLeague victory of the season when they welcome #InterMilan to theâ€¦,310,
ddiy64,ddiy64: PES 2021 Become A Legend Devotee,RT @ZOSO_ZO: #PES2021 Very nice freekick by TONY KROOS8âƒ£ğŸ‡©ğŸ‡ª ( #RealMadrid ) ğŸ‡ªğŸ‡¸ â¤ï¸ğŸ§¡â¤ï¸âš½ï¸Level : LEGEND ğŸ¤ŸğŸ’ªğŸ––ğŸ‘ŒğŸ‘‡ğŸ‘‡ğŸ‘‡ #RealMadridInter https://t.co/5â€¦,1,"England, United Kingdom"
Phumzee7,Phumzee,RT @Bolt_Global: âš¡ï¸#RealMadrid will be looking for their first #ChampionsLeague victory of the season when they welcome #InterMilan to theâ€¦,310,
kimbnest,Kimberly,RT @Bolt_Global: âš¡ï¸#RealMadrid will be looking for their first #ChampionsLeague victory of the season when they welcome #InterMilan to theâ€¦,310,
temi19909098,temi,RT @Bolt_Global: âš¡ï¸#RealMadrid will be looking for their first #ChampionsLeague victory of the season when they welcome #InterMilan to theâ€¦,310,
_Hackett,michael,"Real Madrid vs Inter 3-2: Player Ratings | Sports ON Tap https://t.co/JZtpVOKL9v.

#RealMadrid #Madrid #playerratings #ChampionsLeague",0,"Chicago, IL"
CarlosJSB231290,CarlosJSB231290,"RT @realmadridfem: 85' | 3-0 | Â¡Â¡Â¡Â¡GOOOOOOOOOOOOOOL DE @KosovareAsllani!!!!
#RealMadrid | #HalaMadrid https://t.co/jbJVgRft7t",136,
soccernewsdesk,The Soccer Fanatic News Desk,Martinez turns focus to Atalanta after details make the difference in Madrid https://t.co/Aq44QoNUtc #trendingâ€¦ https://t.co/Y4jXZAMBgU,22,
OneWhoIs_,Jesse,#RealMadrid needs to sign Camavinga in the winter transfer. #ChampionsLeague,0,"Florida, USA"
anjorinpa,anjorin,RT @Bolt_Global: âš¡ï¸#RealMadrid will be looking for their first #ChampionsLeague victory of the season when they welcome #InterMilan to theâ€¦,310,
serjavebrown,serjave,RT @Bolt_Global: âš¡ï¸#RealMadrid will be looking for their first #ChampionsLeague victory of the season when they welcome #InterMilan to theâ€¦,310,
laxxymax,Lax maxwell,RT @Bolt_Global: âš¡ï¸#RealMadrid will be looking for their first #ChampionsLeague victory of the season when they welcome #InterMilan to theâ€¦,310,
kanti0194,kanti,RT @Bolt_Global: âš¡ï¸#RealMadrid will be looking for their first #ChampionsLeague victory of the season when they welcome #InterMilan to theâ€¦,310,
Reditonp,rediton,RT @Bolt_Global: âš¡ï¸#RealMadrid will be looking for their first #ChampionsLeague victory of the season when they welcome #InterMilan to theâ€¦,310,
oskadave,Oska dave,RT @Bolt_Global: âš¡ï¸#RealMadrid will be looking for their first #ChampionsLeague victory of the season when they welcome #InterMilan to theâ€¦,310,
kholesun,khole,RT @Bolt_Global: âš¡ï¸#RealMadrid will be looking for their first #ChampionsLeague victory of the season when they welcome #InterMilan to theâ€¦,310,
Ibrarkh59654536,Ibrar Rajput,RT @Bolt_Global: âš¡ï¸#RealMadrid will be looking for their first #ChampionsLeague victory of the season when they welcome #InterMilan to theâ€¦,310,
AnojHasitha,Anoj Hasitha,RT @Bolt_Global: âš¡ï¸#RealMadrid will be looking for their first #ChampionsLeague victory of the season when they welcome #InterMilan to theâ€¦,310,Sri Lanka
qinkbin,QinkBin,RT @Bolt_Global: âš¡ï¸#RealMadrid will be looking for their first #ChampionsLeague victory of the season when they welcome #InterMilan to theâ€¦,310,
MbuPaola,ğŸ‡¨ğŸ‡²Paola PearlğŸ‡³ğŸ‡¬ğŸ‡¦ğŸ‡ª #IAmKumba,"@Tkthereal1 U again??
U no di hear road with Man U??
Change team abeg, join the winning team.... #RealMadrid ğŸ˜œğŸ˜œğŸ˜œ",0,"Dubai, United Arab Emirates"
Amitinho_RM,Amitinho_Madridista â™ŸğŸ–¤ğŸ”,"@realmadriden @SergioRamos Rodrygo!!! Should the scorer of the winner start?

Ã˜degaard is back!

Who to start forâ€¦ https://t.co/8uIgl9HwF4",0,
GidoZoltan,GidÃ³falvi ZoltÃ¡n,"RT @realmadridfem: 85' | 3-0 | Â¡Â¡Â¡Â¡GOOOOOOOOOOOOOOL DE @KosovareAsllani!!!!
#RealMadrid | #HalaMadrid https://t.co/jbJVgRft7t",136,
LondonsFinestQU,London's Finest,"As for Real Madrid, how important was it to get three points yesterday?

We discuss Real's updated #UCL fate...â€¦ https://t.co/2jWoz1v8Ur",0,
LondonsFinestS2,London's Finest Show Feed,"Yesterday gave us plenty of crazy results, including a lopsided 6-0 win for Monchengladbach over Shakhtar.

Even wiâ€¦ https://t.co/sUxpEjPzsX",0,
DieterGucht,DieterVanGucht,"RT @ThatArabKeeper: ğŸ§¤âœï¸ Here's my latest for Between the Sticks!

Sergio Ramos has scored each of his last 25 penalties and 28 of his lastâ€¦",6,"Merchtem, BelgiÃ«"
Keepitr73976651,The man in black....and white.......ğŸ¸,"Welcome to the future @LaurensJulien @PSG_English when #Neymar goes back to #Barca and #mbappe to #RealMadrid 

PSGâ€¦ https://t.co/OArR60EtQ0",0,"Sussex, England, UK"
OnMadridista,OnMadridista,Hazard's time in Spain has been marred by injury since joining the club in June last year and made scored just oneâ€¦ https://t.co/Q6SYR0dSPe,0,
FranAguilar1995,Fran Aguilar,"RT @realmadridfem: 28' | 2-0 | Â¡Â¡Â¡Â¡GOOOOOOOOOOOOOOOOL DE @KosovareAsllani!!!!
#HalaMadrid | #RealMadrid https://t.co/iJlxBzSTJq",162,Cartagena
Legenda51229260,Legendary ğŸ˜,RT @Bolt_Global: âš¡ï¸#RealMadrid will be looking for their first #ChampionsLeague victory of the season when they welcome #InterMilan to theâ€¦,310,
TheCosmologyGuy,ğŸ”¥HAVOCğŸ”¥,"RT @Route1futbol: ğŸ™Raphael Varane ğŸ‡«ğŸ‡·: ""Hazard ğŸ‡§ğŸ‡ª is a 'top' player and he's going to give us a lot. He's a special player."" #RealMadrid #Haâ€¦",2,Ireland
oficial_poll,Football Pollsáµ€á´¹,"Confrontation for the quarterfinals. Who has the biggest crowd in social media, #RealMadrid or #Milan?",0,United States
mdfmerchandise,mdfmerchandise,#RealMadrid Hooded Suit #LaLiga #Courtois #Varane #FedericoValverde #ChampionsLeague #MarcoAsensio #Benzemaâ€¦ https://t.co/lqU43Iwt7a,0,"Belleville, NJ"
Babybully7,Babybully,RT @Bolt_Global: âš¡ï¸#RealMadrid will be looking for their first #ChampionsLeague victory of the season when they welcome #InterMilan to theâ€¦,310,
Emmanue84967729,Emmanuel Ade,"RT @merrybetsports: Legendary defender, #SergioRamos has now scored 1ï¸âƒ£0ï¸âƒ£0ï¸âƒ£ goals for Spanish giants, #RealMadrid. 

Not your average cenâ€¦",2,
TxenTeam1986,ChentEDM ğŸŸ OnlyCopyCaTGA,"RT @realmadridfem: 85' | 3-0 | Â¡Â¡Â¡Â¡GOOOOOOOOOOOOOOL DE @KosovareAsllani!!!!
#RealMadrid | #HalaMadrid https://t.co/jbJVgRft7t",136,"Burgos, CastillayLeon, EspaÃ±a."
ShirtShackFooty,Shirt Shack Football,Happy birthday to Ballon dâ€™Or winner Luis Figo! Was his move to Real the most controversial transfer of all time? ğŸ”µâ€¦ https://t.co/AbqDO9oWlI,0,United Kingdom
KS_Sedegah,Kwamzz,"RT @ThatArabKeeper: ğŸ§¤âœï¸ Here's my latest for Between the Sticks!

Sergio Ramos has scored each of his last 25 penalties and 28 of his lastâ€¦",6,My room 
bataineh53,Mohammad Bataineh 3ï¸âƒ£4ï¸âƒ£ğŸ†,RT @DBlanco118: ğŸš¨Real Madrid have opened negotiations to sign Bayern's David Alaba for free next summer. Alaba's agent is hopeful of agreeiâ€¦,1,HKJ_IRBID_KAFRYUBA 
officialrm_dna,RM_DNA,"Zidane:

 â€œHazard suffered a knock, but itâ€™s nothing moreâ€

#RealMadrid https://t.co/4OhubhMCI7",0,
DBlanco118,madridnnews,ğŸš¨Real Madrid have opened negotiations to sign Bayern's David Alaba for free next summer. Alaba's agent is hopeful oâ€¦ https://t.co/MIInpW1Yv8,1,
Dayoodee1,Deee,RT @Bolt_Global: âš¡ï¸#RealMadrid will be looking for their first #ChampionsLeague victory of the season when they welcome #InterMilan to theâ€¦,310,
oCapinha,O tal do capinha ğŸ’¢,"RT @tf_sportedit: Real Madrid CF | Wallpaper 

#RealMadridInter #RealMadrid #HalaMadrid #UCL https://t.co/IrxJacQ5gO",4,Botafogo
Xhallum,Abraham Solomon,RT @lazapir: I didn't think #Elections2020 would be such a sudden death contest. Nothing is ever really as it seems in today's worldğŸ˜². #Shaâ€¦,1,FCT
MarkyTwainy,Marky Twainy,"RT @realmadridfem: 85' | 3-0 | Â¡Â¡Â¡Â¡GOOOOOOOOOOOOOOL DE @KosovareAsllani!!!!
#RealMadrid | #HalaMadrid https://t.co/IUtrAN9Zlz",0,
lazapir,Laz Apir,I didn't think #Elections2020 would be such a sudden death contest. Nothing is ever really as it seems in today's wâ€¦ https://t.co/OpXyeG3Jrb,1,"Abuja, Nigeria."
13_jennifer_lh,JenniferğŸ–¤,"RT @realmadridfem: 85' | 3-0 | Â¡Â¡Â¡Â¡GOOOOOOOOOOOOOOL DE @KosovareAsllani!!!!
#RealMadrid | #HalaMadrid https://t.co/jbJVgRft7t",136,"Santa Pola, EspaÃ±a"
mjibril19,Mjay Jb $MTXLT Astronaut,RT @Bolt_Global: âš¡ï¸#RealMadrid will be looking for their first #ChampionsLeague victory of the season when they welcome #InterMilan to theâ€¦,310,Kaduna
MallBecca,Becca's OnLine Mall,"Soccer training equipment available at https://t.co/eTb5etF8Zr.

https://t.co/RIeChLoZdz

#soccer #football #futbolâ€¦ https://t.co/q6yhieYP64",0,United States of America
DerAustor,Austor - FIFA Prediction & More ğŸ…™,"14 YEARS CHALLENGE THEN AND NOW! ğŸ˜±ğŸ”¥| FIFA 07 VS FIFA 21 https://t.co/3YqOgRhhSO via @YouTube 

#FIFA21 #Challengeâ€¦ https://t.co/aqqeVIAF4s",0,Instagram: austor_official
amitde24,Amit Bhuyan,"@RodrygoGoes @nikefootball Rodrygo!!! Should the scorer of the winner start?

Ã˜degaard is back!

Who to start forâ€¦ https://t.co/mLhC8yIMJr",0,INDIA
waroh_sarawut,Sarawut Waroh,"RT @realmadridfem: 28' | 2-0 | Â¡Â¡Â¡Â¡GOOOOOOOOOOOOOOOOL DE @KosovareAsllani!!!!
#HalaMadrid | #RealMadrid https://t.co/iJlxBzSTJq",162,"à¸ˆ.à¸ªà¸•à¸¹à¸¥, à¸›à¸£à¸°à¹€à¸—à¸¨à¹„à¸—à¸¢"
Route1futbol,RouteOneFootball,"OFFICIAL âœ…: Pepe ğŸ‡µğŸ‡¹ has extended his contract with Porto until 2023!
[@FCPorto] #FCPorto #RealMadrid https://t.co/DfpTtyrNOv",0,
sportofusa,sportofusa,"Sources: Madrid, Ramos begin contract talks

Videos, news: https://t.co/M7JL41NtOk

#SergioRamos #RealMadridâ€¦ https://t.co/te2DKOwPnf",0,"Washington, DC"
samad__ayo,Naija RamboğŸ‡³ğŸ‡¬,RT @Bolt_Global: âš¡ï¸#RealMadrid will be looking for their first #ChampionsLeague victory of the season when they welcome #InterMilan to theâ€¦,310,
NatyCP_23,NÎ±ty,"RT @realmadridfem: 85' | 3-0 | Â¡Â¡Â¡Â¡GOOOOOOOOOOOOOOL DE @KosovareAsllani!!!!
#RealMadrid | #HalaMadrid https://t.co/jbJVgRft7t",136,
arrxcagol,manuzinha ğŸ“´,"RT @realmadridfem: 85' | 3-0 | Â¡Â¡Â¡Â¡GOOOOOOOOOOOOOOL DE @KosovareAsllani!!!!
#RealMadrid | #HalaMadrid https://t.co/jbJVgRft7t",136,lua â€¢ yas â€¢ elen â€¢ ju â€¢ let
RodneyMarsh10,Rodney Marsh,"RT @SiriusXMFC: #RealMadrid squeaks by #InterMilan
 
Diogo #Jota bags a hat trick 
 
Rodney still isnâ€™t convinced by #ManCity 
 
Itâ€™s a fulâ€¦",3,"Tampa, FL ğŸŒ´ğŸŒ´"
carrillo_elissa,Ely carrillo,"RT @realmadridfem: 85' | 3-0 | Â¡Â¡Â¡Â¡GOOOOOOOOOOOOOOL DE @KosovareAsllani!!!!
#RealMadrid | #HalaMadrid https://t.co/jbJVgRft7t",136,
loren_cr7,CapitÃ¡n Deadpool,"RT @realmadridfem: 28' | 2-0 | Â¡Â¡Â¡Â¡GOOOOOOOOOOOOOOOOL DE @KosovareAsllani!!!!
#HalaMadrid | #RealMadrid https://t.co/iJlxBzSTJq",162,"CÃ¡ceres, EspaÃ±a"
GPundits,Grumpy Pundits,"RT @SiriusXMFC: #RealMadrid squeaks by #InterMilan
 
Diogo #Jota bags a hat trick 
 
Rodney still isnâ€™t convinced by #ManCity 
 
Itâ€™s a fulâ€¦",3,
TimHorsey,Tim Horsey,"RT @SiriusXMFC: #RealMadrid squeaks by #InterMilan
 
Diogo #Jota bags a hat trick 
 
Rodney still isnâ€™t convinced by #ManCity 
 
Itâ€™s a fulâ€¦",3,"Washington, DC"
SiriusXMFC,SiriusXM FC 157 âš½ï¸ğŸ“»,"#RealMadrid squeaks by #InterMilan
 
Diogo #Jota bags a hat trick 
 
Rodney still isnâ€™t convinced by #ManCity 
 
Itâ€¦ https://t.co/fcbTSBckJP",3,SiriusXM Channel 157
ZHollowayyy,Z /\ K,"1. The Foreign Six - Torino no Lazio
https://t.co/X8c3E56z0p #Juventus #Barcelona #RealMadrid #Napoli #Dortmundâ€¦ https://t.co/cARQV3FlOc",0,"Penkridge, England"
luciaaatp,ğ–‘ğ–šğ–ˆğ–ğ–†,"RT @realmadridfem: 85' | 3-0 | Â¡Â¡Â¡Â¡GOOOOOOOOOOOOOOL DE @KosovareAsllani!!!!
#RealMadrid | #HalaMadrid https://t.co/jbJVgRft7t",136,"Los Angeles, CA"
Franciscosan4,Francisco Sanchez,"RT @realmadridfem: 85' | 3-0 | Â¡Â¡Â¡Â¡GOOOOOOOOOOOOOOL DE @KosovareAsllani!!!!
#RealMadrid | #HalaMadrid https://t.co/jbJVgRft7t",136,Caudete (Albacete) EspaÃ±a
firrheart,bi,"RT @realmadridfem: 85' | 3-0 | Â¡Â¡Â¡Â¡GOOOOOOOOOOOOOOL DE @KosovareAsllani!!!!
#RealMadrid | #HalaMadrid https://t.co/jbJVgRft7t",136,BelÃ©m
lolo73mgg,ğŸ‡ªğŸ‡¸Madridista puroğŸ‡ªğŸ‡¸,"RT @realmadridfem: 85' | 3-0 | Â¡Â¡Â¡Â¡GOOOOOOOOOOOOOOL DE @KosovareAsllani!!!!
#RealMadrid | #HalaMadrid https://t.co/jbJVgRft7t",136,"Yecla, EspaÃ±a"
RealmadridTacon,RealMadrid_Tacon,"RT @realmadridfem: 85' | 3-0 | Â¡Â¡Â¡Â¡GOOOOOOOOOOOOOOL DE @KosovareAsllani!!!!
#RealMadrid | #HalaMadrid https://t.co/jbJVgRft7t",136,
_jeffrey7,Jeffrey,"RT @realmadridfem: 85' | 3-0 | Â¡Â¡Â¡Â¡GOOOOOOOOOOOOOOL DE @KosovareAsllani!!!!
#RealMadrid | #HalaMadrid https://t.co/jbJVgRft7t",136,la callesita
abdi_sadra,Sadra Abdi,RT @Bolt_Global: âš¡ï¸#RealMadrid will be looking for their first #ChampionsLeague victory of the season when they welcome #InterMilan to theâ€¦,310,Somewhere in Iran
AnneShly,Anne Shirley,"RT @realmadridfem: 85' | 3-0 | Â¡Â¡Â¡Â¡GOOOOOOOOOOOOOOL DE @KosovareAsllani!!!!
#RealMadrid | #HalaMadrid https://t.co/jbJVgRft7t",136,
mtmfutbolpod,ManchestertoMadrid,Don't forget to check out the latest episode of the #podcast! Continued discussion of #RealMadrid &amp; #ManUtd as wellâ€¦ https://t.co/Ozk0mouIWj,0,United States
ZZTOP__,calmao,"RT @realmadridfem: 85' | 3-0 | Â¡Â¡Â¡Â¡GOOOOOOOOOOOOOOL DE @KosovareAsllani!!!!
#RealMadrid | #HalaMadrid https://t.co/jbJVgRft7t",136,Islas CaimÃ¡n
IdiotByHemmings,Ñ•a â™¡,"RT @realmadridfem: 85' | 3-0 | Â¡Â¡Â¡Â¡GOOOOOOOOOOOOOOL DE @KosovareAsllani!!!!
#RealMadrid | #HalaMadrid https://t.co/jbJVgRft7t",136,
adrianvk94,AdriÃ¡n Caballero,"RT @realmadridfem: 85' | 3-0 | Â¡Â¡Â¡Â¡GOOOOOOOOOOOOOOL DE @KosovareAsllani!!!!
#RealMadrid | #HalaMadrid https://t.co/jbJVgRft7t",136,"Madrid, Comunidad de Madrid"
ArafAfridy,Araf Arfin Afridy,"Update now football news
https://t.co/NSuTXv4UQF
#football #soccer #nfl #sports #futbol #fifa #sport #premierleagueâ€¦ https://t.co/HjkNb7gwBO",0,"Dhaka, Bangladesh"
YannZ7,YZğŸ‡«ğŸ‡·â­â­,"RT @realmadridfem: 85' | 3-0 | Â¡Â¡Â¡Â¡GOOOOOOOOOOOOOOL DE @KosovareAsllani!!!!
#RealMadrid | #HalaMadrid https://t.co/jbJVgRft7t",136,
Oigetit_sports2,OigetitSports,Real Madrid manager Zinedine Zidane says he has no doubt captain Sergio Ramos will extend his stay with the La Ligaâ€¦ https://t.co/zh2NjBkIZK,0,"Silicon Valley, CA"
drunkjaguar,Alessandra,"RT @realmadridfem: 85' | 3-0 | Â¡Â¡Â¡Â¡GOOOOOOOOOOOOOOL DE @KosovareAsllani!!!!
#RealMadrid | #HalaMadrid https://t.co/jbJVgRft7t",136,
helen7RM,Siempre Real 3ï¸âƒ£4ï¸âƒ£ğŸ†,"RT @realmadridfem: 85' | 3-0 | Â¡Â¡Â¡Â¡GOOOOOOOOOOOOOOL DE @KosovareAsllani!!!!
#RealMadrid | #HalaMadrid https://t.co/jbJVgRft7t",136,EspaÃ±a
_xdxm,darkmagic,"RT @realmadridfem: 85' | 3-0 | Â¡Â¡Â¡Â¡GOOOOOOOOOOOOOOL DE @KosovareAsllani!!!!
#RealMadrid | #HalaMadrid https://t.co/jbJVgRft7t",136,Cedis
GrantRM1,Maria Radisavljevic,"RT @realmadridfem: 85' | 3-0 | Â¡Â¡Â¡Â¡GOOOOOOOOOOOOOOL DE @KosovareAsllani!!!!
#RealMadrid | #HalaMadrid https://t.co/jbJVgRft7t",136,
su1884,Susi ğŸ”¥,"RT @realmadridfem: 85' | 3-0 | Â¡Â¡Â¡Â¡GOOOOOOOOOOOOOOL DE @KosovareAsllani!!!!
#RealMadrid | #HalaMadrid https://t.co/jbJVgRft7t",136,
halxrmcf,L,"RT @realmadridfem: 85' | 3-0 | Â¡Â¡Â¡Â¡GOOOOOOOOOOOOOOL DE @KosovareAsllani!!!!
#RealMadrid | #HalaMadrid https://t.co/jbJVgRft7t",136,"Rio de Janeiro, Brasil"
AmirRMFC,Amir,Me when we sell Benzema and get Haaland in. #RealMadrid https://t.co/Yt7vbukYz0,2,
albertoarregui_,Alberto ğŸ,"RT @realmadridfem: 85' | 3-0 | Â¡Â¡Â¡Â¡GOOOOOOOOOOOOOOL DE @KosovareAsllani!!!!
#RealMadrid | #HalaMadrid https://t.co/jbJVgRft7t",136,"Zaragoza, EspaÃ±a ğŸ‡ªğŸ‡¸"
CarlosRy24,Carlos Ry,"RT @realmadridfem: 85' | 3-0 | Â¡Â¡Â¡Â¡GOOOOOOOOOOOOOOL DE @KosovareAsllani!!!!
#RealMadrid | #HalaMadrid https://t.co/jbJVgRft7t",136,
NinaNorlund,Nina Maria Norlund,"RT @realmadridfem: 85' | 3-0 | Â¡Â¡Â¡Â¡GOOOOOOOOOOOOOOL DE @KosovareAsllani!!!!
#RealMadrid | #HalaMadrid https://t.co/jbJVgRft7t",136,"UmeÃ¥, Sverige"
CCARASIAN,CC,"RT @realmadridfem: 85' | 3-0 | Â¡Â¡Â¡Â¡GOOOOOOOOOOOOOOL DE @KosovareAsllani!!!!
#RealMadrid | #HalaMadrid https://t.co/jbJVgRft7t",136,
Aida10044055,Aida,"RT @realmadridfem: 85' | 3-0 | Â¡Â¡Â¡Â¡GOOOOOOOOOOOOOOL DE @KosovareAsllani!!!!
#RealMadrid | #HalaMadrid https://t.co/jbJVgRft7t",136,
HIST_Y_ANDA,Historias Y Andadas ğŸ‡ªğŸ‡¸,"RT @realmadridfem: 85' | 3-0 | Â¡Â¡Â¡Â¡GOOOOOOOOOOOOOOL DE @KosovareAsllani!!!!
#RealMadrid | #HalaMadrid https://t.co/jbJVgRft7t",136,EspaÃ±a
eguskialde369,Piluka,"RT @realmadridfem: 85' | 3-0 | Â¡Â¡Â¡Â¡GOOOOOOOOOOOOOOL DE @KosovareAsllani!!!!
#RealMadrid | #HalaMadrid https://t.co/jbJVgRft7t",136,
projledaearp,rafaela,"RT @realmadridfem: 85' | 3-0 | Â¡Â¡Â¡Â¡GOOOOOOOOOOOOOOL DE @KosovareAsllani!!!!
#RealMadrid | #HalaMadrid https://t.co/jbJVgRft7t",136,
sralouist,hbriela,"RT @realmadridfem: 85' | 3-0 | Â¡Â¡Â¡Â¡GOOOOOOOOOOOOOOL DE @KosovareAsllani!!!!
#RealMadrid | #HalaMadrid https://t.co/jbJVgRft7t",136,sempre altaneiro   
jfayala79,J F AyalağŸšŒ ğŸ˜· ğŸ’™ ğŸ’š,"RT @realmadridfem: 85' | 3-0 | Â¡Â¡Â¡Â¡GOOOOOOOOOOOOOOL DE @KosovareAsllani!!!!
#RealMadrid | #HalaMadrid https://t.co/jbJVgRft7t",136,
petrocrack,Petrocrack ğŸ‡ªğŸ‡¸,"RT @realmadridfem: 85' | 3-0 | Â¡Â¡Â¡Â¡GOOOOOOOOOOOOOOL DE @KosovareAsllani!!!!
#RealMadrid | #HalaMadrid https://t.co/jbJVgRft7t",136,
iamdamaged8,MkğŸ³ï¸â€ğŸŒˆ,"RT @realmadridfem: 85' | 3-0 | Â¡Â¡Â¡Â¡GOOOOOOOOOOOOOOL DE @KosovareAsllani!!!!
#RealMadrid | #HalaMadrid https://t.co/jbJVgRft7t",136,
FidalgoMon,MarÃ­a Mon Fidalgo,"RT @realmadridfem: 85' | 3-0 | Â¡Â¡Â¡Â¡GOOOOOOOOOOOOOOL DE @KosovareAsllani!!!!
#RealMadrid | #HalaMadrid https://t.co/jbJVgRft7t",136,
erreele7,(TheCoDyX),"RT @realmadridfem: 85' | 3-0 | Â¡Â¡Â¡Â¡GOOOOOOOOOOOOOOL DE @KosovareAsllani!!!!
#RealMadrid | #HalaMadrid https://t.co/jbJVgRft7t",136,EspaÃ±a
FEPEMAC,FEPEMAC,"RT @realmadridfem: 85' | 3-0 | Â¡Â¡Â¡Â¡GOOOOOOOOOOOOOOL DE @KosovareAsllani!!!!
#RealMadrid | #HalaMadrid https://t.co/jbJVgRft7t",136,Rambla Guipuzcoa 120 08020-BCN
isib06,Isaac B,"RT @realmadridfem: 85' | 3-0 | Â¡Â¡Â¡Â¡GOOOOOOOOOOOOOOL DE @KosovareAsllani!!!!
#RealMadrid | #HalaMadrid https://t.co/jbJVgRft7t",136, USA
_SaraiDiaz,Magda sarai,"RT @realmadridfem: 85' | 3-0 | Â¡Â¡Â¡Â¡GOOOOOOOOOOOOOOL DE @KosovareAsllani!!!!
#RealMadrid | #HalaMadrid https://t.co/jbJVgRft7t",136,Panama
okaskami_,ğ”¬ğ”¨ğ”ğ”°ğ”¨ğ”ğ”ªğ”¦.ğ”£ğ”¦ğ”¯ğ”°ğ”±ğ”¬ğ”£ğ”¥ğ”¦ğ”°ğ”«ğ”ğ”ªğ”¢ğŸ‡¸ğŸ‡±,"RT @realmadridfem: 85' | 3-0 | Â¡Â¡Â¡Â¡GOOOOOOOOOOOOOOL DE @KosovareAsllani!!!!
#RealMadrid | #HalaMadrid https://t.co/jbJVgRft7t",136,in bed.
zZRMCF8602,Elnota,"RT @realmadridfem: 85' | 3-0 | Â¡Â¡Â¡Â¡GOOOOOOOOOOOOOOL DE @KosovareAsllani!!!!
#RealMadrid | #HalaMadrid https://t.co/jbJVgRft7t",136,Chernobyl
sergioespsan,RUBÃ‰N CASTRO EL 9 DE ESPAÃ‘A MYHYV.âšªâš«ğŸ”´â­ğŸ”´ğŸ’š,"RT @realmadridfem: 85' | 3-0 | Â¡Â¡Â¡Â¡GOOOOOOOOOOOOOOL DE @KosovareAsllani!!!!
#RealMadrid | #HalaMadrid https://t.co/jbJVgRft7t",136,LIGA SMARTBANK
Alhaji_McCoy,McCoy,"RT @RMpIay_2: Sergio Ramos is giving Hakimi the taste of not being in his team ğŸ™†ğŸ¤­

â€œDont be a **** and get upâ€ 

#realmadrid https://t.co/uâ€¦",16,
ad_rmcfx,A,"RT @realmadridfem: 85' | 3-0 | Â¡Â¡Â¡Â¡GOOOOOOOOOOOOOOL DE @KosovareAsllani!!!!
#RealMadrid | #HalaMadrid https://t.co/jbJVgRft7t",136,1902
Michelle_DeAnda,Michelle De Anda,"RT @realmadridfem: 85' | 3-0 | Â¡Â¡Â¡Â¡GOOOOOOOOOOOOOOL DE @KosovareAsllani!!!!
#RealMadrid | #HalaMadrid https://t.co/jbJVgRft7t",136,"Ciudad De MÃ©xico, MÃ©xico"
Solofutbolfemen,TS futbol femenino,"RT @realmadridfem: 85' | 3-0 | Â¡Â¡Â¡Â¡GOOOOOOOOOOOOOOL DE @KosovareAsllani!!!!
#RealMadrid | #HalaMadrid https://t.co/jbJVgRft7t",136,
Abraham_ESP96,Abraham ğŸ‡ªğŸ‡¸,"RT @realmadridfem: 85' | 3-0 | Â¡Â¡Â¡Â¡GOOOOOOOOOOOOOOL DE @KosovareAsllani!!!!
#RealMadrid | #HalaMadrid https://t.co/jbJVgRft7t",136,EspaÃ±a
MaketoLari,Maketo Lari,"RT @realmadridfem: 85' | 3-0 | Â¡Â¡Â¡Â¡GOOOOOOOOOOOOOOL DE @KosovareAsllani!!!!
#RealMadrid | #HalaMadrid https://t.co/jbJVgRft7t",136,
Estherrg7,7âƒ£eStHeRâš½ï¸ğŸ¶ğŸ’œ,"RT @realmadridfem: 85' | 3-0 | Â¡Â¡Â¡Â¡GOOOOOOOOOOOOOOL DE @KosovareAsllani!!!!
#RealMadrid | #HalaMadrid https://t.co/jbJVgRft7t",136,Madrid
Futbolero233,Futbolero23,"RT @realmadridfem: 85' | 3-0 | Â¡Â¡Â¡Â¡GOOOOOOOOOOOOOOL DE @KosovareAsllani!!!!
#RealMadrid | #HalaMadrid https://t.co/jbJVgRft7t",136,
_andreaquesada7,Andrea âš½,"RT @realmadridfem: 85' | 3-0 | Â¡Â¡Â¡Â¡GOOOOOOOOOOOOOOL DE @KosovareAsllani!!!!
#RealMadrid | #HalaMadrid https://t.co/jbJVgRft7t",136,"MÃ³stoles, EspaÃ±a"
Papotepless,ÎœÑÄ›Ğ³sĞ‡Ï‡Î±Ñ”âˆ‚ *Witcher 3 GOTY 2020*,"RT @realmadridfem: 85' | 3-0 | Â¡Â¡Â¡Â¡GOOOOOOOOOOOOOOL DE @KosovareAsllani!!!!
#RealMadrid | #HalaMadrid https://t.co/jbJVgRft7t",136,"Islas Canarias, EspaÃ±a"
95_lachy,Lachy Forever 95,"RT @realmadridfem: 85' | 3-0 | Â¡Â¡Â¡Â¡GOOOOOOOOOOOOOOL DE @KosovareAsllani!!!!
#RealMadrid | #HalaMadrid https://t.co/jbJVgRft7t",136,
NolNJ,N,"RT @realmadridfem: 85' | 3-0 | Â¡Â¡Â¡Â¡GOOOOOOOOOOOOOOL DE @KosovareAsllani!!!!
#RealMadrid | #HalaMadrid https://t.co/jbJVgRft7t",136,
Nadalchukwu,#GirlDad 13.20.100,"RT @realmadridfem: 85' | 3-0 | Â¡Â¡Â¡Â¡GOOOOOOOOOOOOOOL DE @KosovareAsllani!!!!
#RealMadrid | #HalaMadrid https://t.co/jbJVgRft7t",136,Estadio Santiago Bernabeu
Rafa_C_G_E,Rafa GÃ¡lvez Entrena,"RT @realmadridfem: 85' | 3-0 | Â¡Â¡Â¡Â¡GOOOOOOOOOOOOOOL DE @KosovareAsllani!!!!
#RealMadrid | #HalaMadrid https://t.co/jbJVgRft7t",136,MontefrÃ­o(Granada)
bogdannitescu1,bogdan.nitescu,"RT @realmadridfem: 85' | 3-0 | Â¡Â¡Â¡Â¡GOOOOOOOOOOOOOOL DE @KosovareAsllani!!!!
#RealMadrid | #HalaMadrid https://t.co/jbJVgRft7t",136,"Bucharest, Romania"
GradaRMCFOfi,Real Madrid C.F.,"85' | 3-0 | Â¡Â¡Â¡Â¡GOOOOOOOOOOOOOOL DE @KosovareAsllani!!!!
#RealMadrid | #HalaMadrid https://t.co/8S3v9TJwol",0,EspaÃ±a
aripov_sarvar,Real Madrid C.F.ğŸ‡ºğŸ‡¿ğŸ‡ºğŸ‡¿ğŸ‡ºğŸ‡¿,"RT @realmadridfem: 85' | 3-0 | Â¡Â¡Â¡Â¡GOOOOOOOOOOOOOOL DE @KosovareAsllani!!!!
#RealMadrid | #HalaMadrid https://t.co/jbJVgRft7t",136,Uzbekistan ğŸ‡ºğŸ‡¿
Nachofita18,SofiğŸ‘‘,"RT @realmadridfem: 85' | 3-0 | Â¡Â¡Â¡Â¡GOOOOOOOOOOOOOOL DE @KosovareAsllani!!!!
#RealMadrid | #HalaMadrid https://t.co/jbJVgRft7t",136,"S.BernabÃ©u, fondo sur."
RicaGalletiita,GalletağŸ’,"RT @realmadridfem: 85' | 3-0 | Â¡Â¡Â¡Â¡GOOOOOOOOOOOOOOL DE @KosovareAsllani!!!!
#RealMadrid | #HalaMadrid https://t.co/jbJVgRft7t",136,
_SrTerrivel,Italo Silva (de ğŸ ),"RT @realmadridfem: 85' | 3-0 | Â¡Â¡Â¡Â¡GOOOOOOOOOOOOOOL DE @KosovareAsllani!!!!
#RealMadrid | #HalaMadrid https://t.co/jbJVgRft7t",136,BeaGalo
fdezj_jose88,ğŸ’¥Jose FernÃ¡ndezğŸ’¥,"RT @realmadridfem: 85' | 3-0 | Â¡Â¡Â¡Â¡GOOOOOOOOOOOOOOL DE @KosovareAsllani!!!!
#RealMadrid | #HalaMadrid https://t.co/jbJVgRft7t",136,
vivisuribe,viviana uribe,"RT @realmadridfem: 85' | 3-0 | Â¡Â¡Â¡Â¡GOOOOOOOOOOOOOOL DE @KosovareAsllani!!!!
#RealMadrid | #HalaMadrid https://t.co/jbJVgRft7t",136,BogotÃ¡ 
LukaWoods_,8Âª Thelmer ğŸ³ï¸â€ğŸŒˆâƒ¤ğŸ’¥ğŸ‡ğŸ‘¸ğŸ¾,"RT @realmadridfem: 85' | 3-0 | Â¡Â¡Â¡Â¡GOOOOOOOOOOOOOOL DE @KosovareAsllani!!!!
#RealMadrid | #HalaMadrid https://t.co/jbJVgRft7t",136,RepÃºblica das Bananas
YaniraSiete2,ğŸºğŸ¦–ğŸ…ğŸ¼ğŸ¤¶ğŸ¼ğŸ„â„,"RT @realmadridfem: 85' | 3-0 | Â¡Â¡Â¡Â¡GOOOOOOOOOOOOOOL DE @KosovareAsllani!!!!
#RealMadrid | #HalaMadrid https://t.co/jbJVgRft7t",136,
guimsle,Guim's ğŸğŸ¦,"RT @realmadridfem: 85' | 3-0 | Â¡Â¡Â¡Â¡GOOOOOOOOOOOOOOL DE @KosovareAsllani!!!!
#RealMadrid | #HalaMadrid https://t.co/jbJVgRft7t",136,"ThÃ©ding, Moselle"
AVALANCHA33,JAVIER DE LA CRUZğŸ‡ªğŸ‡¸ğŸ‡ªğŸ‡¸ğŸ‡ªğŸ‡¸ğŸ’šğŸ’šğŸ’š,"RT @realmadridfem: 85' | 3-0 | Â¡Â¡Â¡Â¡GOOOOOOOOOOOOOOL DE @KosovareAsllani!!!!
#RealMadrid | #HalaMadrid https://t.co/jbJVgRft7t",136,ALCORCÃ“N (MADRID)
GloberTorpess,Mr. X â”,"RT @realmadridfem: 85' | 3-0 | Â¡Â¡Â¡Â¡GOOOOOOOOOOOOOOL DE @KosovareAsllani!!!!
#RealMadrid | #HalaMadrid https://t.co/jbJVgRft7t",136,
manuel_jesus17,Manuel JesÃºs,"RT @realmadridfem: 85' | 3-0 | Â¡Â¡Â¡Â¡GOOOOOOOOOOOOOOL DE @KosovareAsllani!!!!
#RealMadrid | #HalaMadrid https://t.co/jbJVgRft7t",136,Benalup-Sevilla-Pavia
juvenal62garcia,Juvenal Garcia,"RT @realmadridfem: 85' | 3-0 | Â¡Â¡Â¡Â¡GOOOOOOOOOOOOOOL DE @KosovareAsllani!!!!
#RealMadrid | #HalaMadrid https://t.co/jbJVgRft7t",136,AllÃ¡ donde me necesiten
Madrid_Bekasi,PeÃ±a Real Madrid de Indonesia Regional Bekasi,"RT @realmadridfem: 85' | 3-0 | Â¡Â¡Â¡Â¡GOOOOOOOOOOOOOOL DE @KosovareAsllani!!!!
#RealMadrid | #HalaMadrid https://t.co/jbJVgRft7t",136,"Bekasi City, West Java"
Meeerlm,MarÃ­a,"RT @realmadridfem: 85' | 3-0 | Â¡Â¡Â¡Â¡GOOOOOOOOOOOOOOL DE @KosovareAsllani!!!!
#RealMadrid | #HalaMadrid https://t.co/jbJVgRft7t",136,
cacheestian,ğšŠğš•ğš-ğš“ğšŠğš—ğšğš›ğšŠ ğŸ‡¨ğŸ‡´ ğ™°ğ™²ğ™°ğ™±,"RT @realmadridfem: 85' | 3-0 | Â¡Â¡Â¡Â¡GOOOOOOOOOOOOOOL DE @KosovareAsllani!!!!
#RealMadrid | #HalaMadrid https://t.co/jbJVgRft7t",136,"Bucaramanga, Colombia"
Bmg_29,BÉ›a â™¥,"RT @realmadridfem: 85' | 3-0 | Â¡Â¡Â¡Â¡GOOOOOOOOOOOOOOL DE @KosovareAsllani!!!!
#RealMadrid | #HalaMadrid https://t.co/jbJVgRft7t",136,~ VÉ¨Õ¼aÊ€Ã²s tÊ€Ö…ssÉ›t É–É› Ä‹É›ÊŸ ~
gabifeal,GabiFM,"RT @realmadridfem: 85' | 3-0 | Â¡Â¡Â¡Â¡GOOOOOOOOOOOOOOL DE @KosovareAsllani!!!!
#RealMadrid | #HalaMadrid https://t.co/jbJVgRft7t",136,
halamadriwd,leticia,"RT @realmadridfem: 85' | 3-0 | Â¡Â¡Â¡Â¡GOOOOOOOOOOOOOOL DE @KosovareAsllani!!!!
#RealMadrid | #HalaMadrid https://t.co/jbJVgRft7t",136,santiago bernabÃ©u
mariadelmadrid2,Carmen Madridista2,"RT @realmadridfem: 85' | 3-0 | Â¡Â¡Â¡Â¡GOOOOOOOOOOOOOOL DE @KosovareAsllani!!!!
#RealMadrid | #HalaMadrid https://t.co/jbJVgRft7t",136,
maitermcf,andreza,"RT @realmadridfem: 85' | 3-0 | Â¡Â¡Â¡Â¡GOOOOOOOOOOOOOOL DE @KosovareAsllani!!!!
#RealMadrid | #HalaMadrid https://t.co/jbJVgRft7t",136,Brasil
JuanitoCruz11,Juanito,"RT @realmadridfem: 85' | 3-0 | Â¡Â¡Â¡Â¡GOOOOOOOOOOOOOOL DE @KosovareAsllani!!!!
#RealMadrid | #HalaMadrid https://t.co/jbJVgRft7t",136,Santa Cristina d'Aro (Girona)
AchrafRMCF,achraf souayah,"RT @realmadridfem: 85' | 3-0 | Â¡Â¡Â¡Â¡GOOOOOOOOOOOOOOL DE @KosovareAsllani!!!!
#RealMadrid | #HalaMadrid https://t.co/jbJVgRft7t",136,"Sousse,Tunisia "
RicardoCRF1981,Ricardo Flamengo á¶œÊ³á¶  Ê¬â¸â´ âœµ âŠ,"RT @realmadridfem: 85' | 3-0 | Â¡Â¡Â¡Â¡GOOOOOOOOOOOOOOL DE @KosovareAsllani!!!!
#RealMadrid | #HalaMadrid https://t.co/jbJVgRft7t",136,"Flamengo, Rio de Janeiro"
drewstyleslj,Ana,"RT @realmadridfem: 85' | 3-0 | Â¡Â¡Â¡Â¡GOOOOOOOOOOOOOOL DE @KosovareAsllani!!!!
#RealMadrid | #HalaMadrid https://t.co/jbJVgRft7t",136,Brasil
swiftxrm,natt,"RT @realmadridfem: 85' | 3-0 | Â¡Â¡Â¡Â¡GOOOOOOOOOOOOOOL DE @KosovareAsllani!!!!
#RealMadrid | #HalaMadrid https://t.co/jbJVgRft7t",136,
tomutual,annelise ğŸ…´,"RT @realmadridfem: 85' | 3-0 | Â¡Â¡Â¡Â¡GOOOOOOOOOOOOOOL DE @KosovareAsllani!!!!
#RealMadrid | #HalaMadrid https://t.co/jbJVgRft7t",136,isabela | rmcfâ€”fcbmâ€”crf | tht
roobxs,7 DIAS #ASFIVE âœ‹ğŸ»,"RT @realmadridfem: 85' | 3-0 | Â¡Â¡Â¡Â¡GOOOOOOOOOOOOOOL DE @KosovareAsllani!!!!
#RealMadrid | #HalaMadrid https://t.co/jbJVgRft7t",136,.brasil
bictris,Beatriz Aguilera,"RT @realmadridfem: 85' | 3-0 | Â¡Â¡Â¡Â¡GOOOOOOOOOOOOOOL DE @KosovareAsllani!!!!
#RealMadrid | #HalaMadrid https://t.co/jbJVgRft7t",136,Wentworth Correctional Centre
Paticarola,Patricia P.,"RT @realmadridfem: 85' | 3-0 | Â¡Â¡Â¡Â¡GOOOOOOOOOOOOOOL DE @KosovareAsllani!!!!
#RealMadrid | #HalaMadrid https://t.co/jbJVgRft7t",136,"Sto Dgo, RepÃºblica Dominicana"
IlMioAngelo_24,â„›â„¯â„˜â„¯s ğ•·ğ–ğ–Œğ–ğ–™ğ–œğ–”ğ–”ğ–‰â°ãƒŸâ˜†,"RT @realmadridfem: 85' | 3-0 | Â¡Â¡Â¡Â¡GOOOOOOOOOOOOOOL DE @KosovareAsllani!!!!
#RealMadrid | #HalaMadrid https://t.co/jbJVgRft7t",136,
FutFemFantasy,FutFem Fantasy,"RT @realmadridfem: 85' | 3-0 | Â¡Â¡Â¡Â¡GOOOOOOOOOOOOOOL DE @KosovareAsllani!!!!
#RealMadrid | #HalaMadrid https://t.co/jbJVgRft7t",136,
Sara_NotLance,ãƒŸâ˜† Santana_VillanelleğŸ³â€ğŸŒˆ,"RT @realmadridfem: 85' | 3-0 | Â¡Â¡Â¡Â¡GOOOOOOOOOOOOOOL DE @KosovareAsllani!!!!
#RealMadrid | #HalaMadrid https://t.co/jbJVgRft7t",136,"Galicia, EspaÃ±a"
Seddnv,Manu,"RT @realmadridfem: 85' | 3-0 | Â¡Â¡Â¡Â¡GOOOOOOOOOOOOOOL DE @KosovareAsllani!!!!
#RealMadrid | #HalaMadrid https://t.co/jbJVgRft7t",136,Spain
iEmanWm,EM,"RT @realmadridfem: 85' | 3-0 | Â¡Â¡Â¡Â¡GOOOOOOOOOOOOOOL DE @KosovareAsllani!!!!
#RealMadrid | #HalaMadrid https://t.co/jbJVgRft7t",136,
SirMultifandom,K/DA More,"RT @realmadridfem: 85' | 3-0 | Â¡Â¡Â¡Â¡GOOOOOOOOOOOOOOL DE @KosovareAsllani!!!!
#RealMadrid | #HalaMadrid https://t.co/jbJVgRft7t",136,En mi casa desde 1995/04/12
_pauliiita,p âœ¨,"RT @realmadridfem: 85' | 3-0 | Â¡Â¡Â¡Â¡GOOOOOOOOOOOOOOL DE @KosovareAsllani!!!!
#RealMadrid | #HalaMadrid https://t.co/jbJVgRft7t",136,"AlmerÃ­a, EspaÃ±a"
artere01,ğŸ´â€â˜ ï¸,"RT @realmadridfem: 85' | 3-0 | Â¡Â¡Â¡Â¡GOOOOOOOOOOOOOOL DE @KosovareAsllani!!!!
#RealMadrid | #HalaMadrid https://t.co/jbJVgRft7t",136,Dans ton cul
putzdiana,Diana -,"RT @realmadridfem: 85' | 3-0 | Â¡Â¡Â¡Â¡GOOOOOOOOOOOOOOL DE @KosovareAsllani!!!!
#RealMadrid | #HalaMadrid https://t.co/jbJVgRft7t",136,
jms0s4,Juan Manuel,"RT @realmadridfem: 85' | 3-0 | Â¡Â¡Â¡Â¡GOOOOOOOOOOOOOOL DE @KosovareAsllani!!!!
#RealMadrid | #HalaMadrid https://t.co/jbJVgRft7t",136,
Mhannaa__,Omar Mhanna ğŸ’­,"RT @RMpIay_2: Sergio Ramos is giving Hakimi the taste of not being in his team ğŸ™†ğŸ¤­

â€œDont be a **** and get upâ€ 

#realmadrid https://t.co/uâ€¦",16,Kuwait ğŸ‡°ğŸ‡¼
lumma91,Luma ğŸŒ§ğŸŒ¿,"RT @realmadridfem: 85' | 3-0 | Â¡Â¡Â¡Â¡GOOOOOOOOOOOOOOL DE @KosovareAsllani!!!!
#RealMadrid | #HalaMadrid https://t.co/jbJVgRft7t",136,
lp1285_mb41,lp1285,"RT @realmadridfem: 85' | 3-0 | Â¡Â¡Â¡Â¡GOOOOOOOOOOOOOOL DE @KosovareAsllani!!!!
#RealMadrid | #HalaMadrid https://t.co/jbJVgRft7t",136,
DavidDomGonz,David,"RT @realmadridfem: 85' | 3-0 | Â¡Â¡Â¡Â¡GOOOOOOOOOOOOOOL DE @KosovareAsllani!!!!
#RealMadrid | #HalaMadrid https://t.co/jbJVgRft7t",136,"Pontevedra, EspaÃ±a"
Eeestheeer,Esther Walsh ğŸ’£,"RT @realmadridfem: 85' | 3-0 | Â¡Â¡Â¡Â¡GOOOOOOOOOOOOOOL DE @KosovareAsllani!!!!
#RealMadrid | #HalaMadrid https://t.co/jbJVgRft7t",136,"Alicante, EspaÃ±a"
titiburgos,Titi Burgos,"RT @realmadridfem: 85' | 3-0 | Â¡Â¡Â¡Â¡GOOOOOOOOOOOOOOL DE @KosovareAsllani!!!!
#RealMadrid | #HalaMadrid https://t.co/jbJVgRft7t",136,"San Salvador, El Salvador"
berocer,Bea. UnaDiNoi ó¾“«,"RT @realmadridfem: 85' | 3-0 | Â¡Â¡Â¡Â¡GOOOOOOOOOOOOOOL DE @KosovareAsllani!!!!
#RealMadrid | #HalaMadrid https://t.co/jbJVgRft7t",136,Noia. Galicia. EspaÃ±a
Chapman_248,ã€ŠChapã€‹ğŸ¦…ğŸ³ï¸â€ğŸŒˆ,"RT @realmadridfem: 85' | 3-0 | Â¡Â¡Â¡Â¡GOOOOOOOOOOOOOOL DE @KosovareAsllani!!!!
#RealMadrid | #HalaMadrid https://t.co/jbJVgRft7t",136,"Juarez, Chih"
IvanMaroto07,IvÃ¡n Maroto Montoroâ„ï¸â›„ğŸ„ğŸš¬,"RT @realmadridfem: 85' | 3-0 | Â¡Â¡Â¡Â¡GOOOOOOOOOOOOOOL DE @KosovareAsllani!!!!
#RealMadrid | #HalaMadrid https://t.co/jbJVgRft7t",136,
NayelinNegrette,Naye NG,"RT @realmadridfem: 85' | 3-0 | Â¡Â¡Â¡Â¡GOOOOOOOOOOOOOOL DE @KosovareAsllani!!!!
#RealMadrid | #HalaMadrid https://t.co/jbJVgRft7t",136,"San Francisco de MacorÃ­s, Domi"
oscarseron,oscar lozano alvarez,"RT @realmadridfem: 85' | 3-0 | Â¡Â¡Â¡Â¡GOOOOOOOOOOOOOOL DE @KosovareAsllani!!!!
#RealMadrid | #HalaMadrid https://t.co/jbJVgRft7t",136,Vva de la Serena-Badajoz
ATargaryen_,Andrea.,"RT @realmadridfem: 85' | 3-0 | Â¡Â¡Â¡Â¡GOOOOOOOOOOOOOOL DE @KosovareAsllani!!!!
#RealMadrid | #HalaMadrid https://t.co/jbJVgRft7t",136,HouseOfTheDragon
Sergio_RMCF07,Sergio7_RMCFâš½ï¸,"RT @realmadridfem: 85' | 3-0 | Â¡Â¡Â¡Â¡GOOOOOOOOOOOOOOL DE @KosovareAsllani!!!!
#RealMadrid | #HalaMadrid https://t.co/jbJVgRft7t",136,"Mislata, EspaÃ±a"
realmadridfem,Real Madrid C.F.,"85' | 3-0 | Â¡Â¡Â¡Â¡GOOOOOOOOOOOOOOL DE @KosovareAsllani!!!!
#RealMadrid | #HalaMadrid https://t.co/jbJVgRft7t",136,Ciudad Real Madrid
sanruesca,sandra  Ruiz,"RT @realmadridfem: 28' | 2-0 | Â¡Â¡Â¡Â¡GOOOOOOOOOOOOOOOOL DE @KosovareAsllani!!!!
#HalaMadrid | #RealMadrid https://t.co/iJlxBzSTJq",162,ESPAÃ‘A
Harsh_gamer,Harsh Shrivastava,Real Madrid coach Zidane eager to see Ramos sign new contract: We want him here forever via @OneFootball. Read it hâ€¦ https://t.co/S0OSjaNCiS,0,"Jabalpur, India"
shurouqadnan,Ø´Ø±ÙˆÙ‚ğŸŒ,"RT @RMpIay_2: Sergio Ramos is giving Hakimi the taste of not being in his team ğŸ™†ğŸ¤­

â€œDont be a **** and get upâ€ 

#realmadrid https://t.co/uâ€¦",16,Kuwait | Jordan 
bemfot,bemfot,RT @Bolt_Global: âš¡ï¸#RealMadrid will be looking for their first #ChampionsLeague victory of the season when they welcome #InterMilan to theâ€¦,310,"Lagos, Nigeria"
stagweb,StagWeb,"Champions League winner and genuine world-class footballer #LuisFigo turns 48 today... ğŸ‡µğŸ‡¹

... yet he is still remeâ€¦ https://t.co/pmBMgVomrx",0,Bath / UK / Worldwide
TMuk_news,Transfermarkt.co.uk,"Sergio Ramos scored his 100th #RealMadrid goal last night.

Have a look at other high-scoring defenders and check oâ€¦ https://t.co/0C973j3ava",0,
InterClubIndia,Inter Club India ğŸ‡®ğŸ‡³,RT @footballitalia: Italian media have mixed feelings about coach Antonio Conte after #Interâ€™s 3-2 away defeat to #RealMadrid in #Championsâ€¦,1,India
ayooluwa___,Advocate for same energy,"RT @realmadriden: ğŸ‘”ğŸ¤ President Florentino PÃ©rez exchanged gifts with Javier Zanetti, @Inter_en deputy president ahead of the match.
#RealMaâ€¦",72,Anywhere you see me
jerryrince,Jerryrince,"RT @realmadriden: ğŸ‘”ğŸ¤ President Florentino PÃ©rez exchanged gifts with Javier Zanetti, @Inter_en deputy president ahead of the match.
#RealMaâ€¦",72,"Colorado, USA"
Hauwau_SB,Hauwa Kulu,"RT @realmadridfem: 28' | 2-0 | Â¡Â¡Â¡Â¡GOOOOOOOOOOOOOOOOL DE @KosovareAsllani!!!!
#HalaMadrid | #RealMadrid https://t.co/iJlxBzSTJq",162,
DontCallMeZeZo,Ziad,"RT @RMpIay_2: Sergio Ramos is giving Hakimi the taste of not being in his team ğŸ™†ğŸ¤­

â€œDont be a **** and get upâ€ 

#realmadrid https://t.co/uâ€¦",16,Luxor
365Scores,365Scores,"Zinedine #Zidane addressed Sergio #Ramosâ€™ contract status at #RealMadrid. 

#Real #Madrid #SR4 #LosBlancos #RMâ€¦ https://t.co/zRBqKuUGfy",0,
__Ed10__,Ø¥ÙŠÙ€Ø§Ø¯ Ø§Ù„Ø¹Ù€Ø±Ø¨.,"RT @RMpIay_2: Sergio Ramos is giving Hakimi the taste of not being in his team ğŸ™†ğŸ¤­

â€œDont be a **** and get upâ€ 

#realmadrid https://t.co/uâ€¦",16,
samanthaskidm10,Samanthabfc86â¤voteformikeğŸ’™,"RT @Odds_Watch: ğŸ‚ Luis Figo turns 47 today

âœ… Pigs head
âœ… Whisky bottle
âœ… Mobile phone
âœ… Cigarette lighter
âœ… Oranges

ğŸ˜² These are just someâ€¦",1,"Royston, England"
Odds_Watch,Odds Watch,"ğŸ‚ Luis Figo turns 47 today

âœ… Pigs head
âœ… Whisky bottle
âœ… Mobile phone
âœ… Cigarette lighter
âœ… Oranges

ğŸ˜² These are jâ€¦ https://t.co/2AdQWCV87v",1,
hyperstonextg,Hyperstone-,"RT @RMpIay_2: Sergio Ramos is giving Hakimi the taste of not being in his team ğŸ™†ğŸ¤­

â€œDont be a **** and get upâ€ 

#realmadrid https://t.co/uâ€¦",16,Indonesia
Atofaratti,#ENDSARS END BAD GOVERNANCE IN NIGERIA,"RT @RMpIay_2: Sergio Ramos is giving Hakimi the taste of not being in his team ğŸ™†ğŸ¤­

â€œDont be a **** and get upâ€ 

#realmadrid https://t.co/uâ€¦",16,The Bernabeu 
Anita_O,Anita,"RT @RMpIay_2: Sergio Ramos is giving Hakimi the taste of not being in his team ğŸ™†ğŸ¤­

â€œDont be a **** and get upâ€ 

#realmadrid https://t.co/uâ€¦",16,"Moscow, Russia"
TheMasterOmar1,COPPERSMITH,"RT @RMpIay_2: Sergio Ramos is giving Hakimi the taste of not being in his team ğŸ™†ğŸ¤­

â€œDont be a **** and get upâ€ 

#realmadrid https://t.co/uâ€¦",16,
senyojm,senyo,"RT @realmadridfem: 28' | 2-0 | Â¡Â¡Â¡Â¡GOOOOOOOOOOOOOOOOL DE @KosovareAsllani!!!!
#HalaMadrid | #RealMadrid https://t.co/iJlxBzSTJq",162,
IamJojoBoss,Tybrain01,"RT @RMpIay_2: Sergio Ramos is giving Hakimi the taste of not being in his team ğŸ™†ğŸ¤­

â€œDont be a **** and get upâ€ 

#realmadrid https://t.co/uâ€¦",16,"Houston, TX / Atlanta"
anmolgupta31,anmol_gupta,"RT @FinnsMarks: No wonder the brands flock to them for endorsements

#finnsnmarks #fnm #wisdomwednesdays #footballfans #fc #realmadrid #fcbâ€¦",1,delhi(ncr)
SuchiaG,Suchia Garzaâš¡,RT @Bolt_Global: âš¡ï¸#RealMadrid will be looking for their first #ChampionsLeague victory of the season when they welcome #InterMilan to theâ€¦,310,
EiFSoccer,EiF,"RT @ThatArabKeeper: ğŸ§¤âœï¸ Here's my latest for Between the Sticks!

Sergio Ramos has scored each of his last 25 penalties and 28 of his lastâ€¦",6,
KIZANNE2,KIZ - ANNE,"RT @realmadridfem: 28' | 2-0 | Â¡Â¡Â¡Â¡GOOOOOOOOOOOOOOOOL DE @KosovareAsllani!!!!
#HalaMadrid | #RealMadrid https://t.co/iJlxBzSTJq",162,
ghazijr98,G H A Z I,"RT @RMpIay_2: Sergio Ramos is giving Hakimi the taste of not being in his team ğŸ™†ğŸ¤­

â€œDont be a **** and get upâ€ 

#realmadrid https://t.co/uâ€¦",16,M A D R I D
jose_27_,ğŸ“¸@pursuitofmemoriesğŸ“¸,"RT @realmadridfem: 28' | 2-0 | Â¡Â¡Â¡Â¡GOOOOOOOOOOOOOOOOL DE @KosovareAsllani!!!!
#HalaMadrid | #RealMadrid https://t.co/iJlxBzSTJq",162,Madrid
Essam0177,Essamâ„¢,"RT @RMpIay_2: Sergio Ramos is giving Hakimi the taste of not being in his team ğŸ™†ğŸ¤­

â€œDont be a **** and get upâ€ 

#realmadrid https://t.co/uâ€¦",16,"Cairo, Egypt"
ManarSarhan,Manar M. Sarhan,"RT @RMpIay_2: Sergio Ramos is giving Hakimi the taste of not being in his team ğŸ™†ğŸ¤­

â€œDont be a **** and get upâ€ 

#realmadrid https://t.co/uâ€¦",16,Egypt
RMpIay_2,â–¶ï¸ Real Madrid Play Â³â´ ğŸ†,"Sergio Ramos is giving Hakimi the taste of not being in his team ğŸ™†ğŸ¤­

â€œDont be a **** and get upâ€ 

#realmadrid https://t.co/uyL22HdAae",16,
Aaronwarriors,AarÃ³n,"RT @realmadridfem: 28' | 2-0 | Â¡Â¡Â¡Â¡GOOOOOOOOOOOOOOOOL DE @KosovareAsllani!!!!
#HalaMadrid | #RealMadrid https://t.co/iJlxBzSTJq",162,"Madrid, EspaÃ±a"
ama_anin,Ohemaa,"RT @realmadridfem: 28' | 2-0 | Â¡Â¡Â¡Â¡GOOOOOOOOOOOOOOOOL DE @KosovareAsllani!!!!
#HalaMadrid | #RealMadrid https://t.co/iJlxBzSTJq",162,Ghana
RichSanchez11,Rich,"RT @realmadridfem: 28' | 2-0 | Â¡Â¡Â¡Â¡GOOOOOOOOOOOOOOOOL DE @KosovareAsllani!!!!
#HalaMadrid | #RealMadrid https://t.co/iJlxBzSTJq",162,"Santa Cruz County, CA"
lalitoespos7,â–«â–ªHectorâ–«â–ª,"RT @realmadridfem: 28' | 2-0 | Â¡Â¡Â¡Â¡GOOOOOOOOOOOOOOOOL DE @KosovareAsllani!!!!
#HalaMadrid | #RealMadrid https://t.co/iJlxBzSTJq",162,
rockersoul_7,Jairo,"RT @realmadridfem: 28' | 2-0 | Â¡Â¡Â¡Â¡GOOOOOOOOOOOOOOOOL DE @KosovareAsllani!!!!
#HalaMadrid | #RealMadrid https://t.co/iJlxBzSTJq",162,
DiegoGrobaLoren,DGL,"RT @realmadridfem: 28' | 2-0 | Â¡Â¡Â¡Â¡GOOOOOOOOOOOOOOOOL DE @KosovareAsllani!!!!
#HalaMadrid | #RealMadrid https://t.co/iJlxBzSTJq",162,fuerteventura (Morro Jable)
germanjam,German Jimenez-Alfar,"RT @realmadridfem: 28' | 2-0 | Â¡Â¡Â¡Â¡GOOOOOOOOOOOOOOOOL DE @KosovareAsllani!!!!
#HalaMadrid | #RealMadrid https://t.co/iJlxBzSTJq",162,
MadridCFyB,Â¡Hala Madrid!,"RT @realmadridfem: 28' | 2-0 | Â¡Â¡Â¡Â¡GOOOOOOOOOOOOOOOOL DE @KosovareAsllani!!!!
#HalaMadrid | #RealMadrid https://t.co/iJlxBzSTJq",162,Santiago BernabÃ©u
lee_rko,Larissa ğŸŒªï¸,"RT @realmadridfem: 28' | 2-0 | Â¡Â¡Â¡Â¡GOOOOOOOOOOOOOOOOL DE @KosovareAsllani!!!!
#HalaMadrid | #RealMadrid https://t.co/iJlxBzSTJq",162,Brasil
caroldrealm,daniela,"RT @realmadridfem: 28' | 2-0 | Â¡Â¡Â¡Â¡GOOOOOOOOOOOOOOOOL DE @KosovareAsllani!!!!
#HalaMadrid | #RealMadrid https://t.co/iJlxBzSTJq",162,
dr_egea,Ã†,"RT @realmadridfem: 28' | 2-0 | Â¡Â¡Â¡Â¡GOOOOOOOOOOOOOOOOL DE @KosovareAsllani!!!!
#HalaMadrid | #RealMadrid https://t.co/iJlxBzSTJq",162,
saik2809,sai krishna,"RT @realmadridfem: 28' | 2-0 | Â¡Â¡Â¡Â¡GOOOOOOOOOOOOOOOOL DE @KosovareAsllani!!!!
#HalaMadrid | #RealMadrid https://t.co/iJlxBzSTJq",162,
EscalanteLeyvin,Leyvin Escalante,"RT @realmadridfem: 28' | 2-0 | Â¡Â¡Â¡Â¡GOOOOOOOOOOOOOOOOL DE @KosovareAsllani!!!!
#HalaMadrid | #RealMadrid https://t.co/iJlxBzSTJq",162,
EdenRMFC,EdenRM,"RT @realmadridfem: 28' | 2-0 | Â¡Â¡Â¡Â¡GOOOOOOOOOOOOOOOOL DE @KosovareAsllani!!!!
#HalaMadrid | #RealMadrid https://t.co/iJlxBzSTJq",162,"Santiago BernabÃ©u, Madrid"
brianvanderbest,Brian Van Der Biest,"RT @realmadridfem: 28' | 2-0 | Â¡Â¡Â¡Â¡GOOOOOOOOOOOOOOOOL DE @KosovareAsllani!!!!
#HalaMadrid | #RealMadrid https://t.co/iJlxBzSTJq",162,
HerodesonDervis,ğŸ‘¨ğŸ¾â€âš•ï¸ğŸ©ºğŸ¤´ğŸ¾RÃ«Ã¿sÃ¶n Dervis,"RT @realmadridfem: 28' | 2-0 | Â¡Â¡Â¡Â¡GOOOOOOOOOOOOOOOOL DE @KosovareAsllani!!!!
#HalaMadrid | #RealMadrid https://t.co/iJlxBzSTJq",162,Moun lakayanmğŸ’™
Mishoka,Valentin Bel,"RT @realmadridfem: 28' | 2-0 | Â¡Â¡Â¡Â¡GOOOOOOOOOOOOOOOOL DE @KosovareAsllani!!!!
#HalaMadrid | #RealMadrid https://t.co/iJlxBzSTJq",162,"Sofia, Bulgaria"
jdd66666,j.d.d.d.d.d.d.d.d.d,"RT @realmadridfem: 28' | 2-0 | Â¡Â¡Â¡Â¡GOOOOOOOOOOOOOOOOL DE @KosovareAsllani!!!!
#HalaMadrid | #RealMadrid https://t.co/iJlxBzSTJq",162,
_mtwelve,ana,"RT @realmadridfem: 28' | 2-0 | Â¡Â¡Â¡Â¡GOOOOOOOOOOOOOOOOL DE @KosovareAsllani!!!!
#HalaMadrid | #RealMadrid https://t.co/iJlxBzSTJq",162,
mtsety,3 pontosğŸ¦ŠğŸ’™,"RT @realmadridfem: 28' | 2-0 | Â¡Â¡Â¡Â¡GOOOOOOOOOOOOOOOOL DE @KosovareAsllani!!!!
#HalaMadrid | #RealMadrid https://t.co/iJlxBzSTJq",162,"Santa Teresa, Rio de Janeiro"
chanoval2000,sando,"RT @realmadridfem: 28' | 2-0 | Â¡Â¡Â¡Â¡GOOOOOOOOOOOOOOOOL DE @KosovareAsllani!!!!
#HalaMadrid | #RealMadrid https://t.co/iJlxBzSTJq",162,CDMX MÃ©xico 
homessssssssa,ê³„ë€ì§€ë‹¨,"RT @realmadridfem: 28' | 2-0 | Â¡Â¡Â¡Â¡GOOOOOOOOOOOOOOOOL DE @KosovareAsllani!!!!
#HalaMadrid | #RealMadrid https://t.co/iJlxBzSTJq",162,R2ALMADR1D
rarecrf,thaiá¶œÊ³á¶ ğŸ§â€â™€ï¸,"RT @realmadridfem: 28' | 2-0 | Â¡Â¡Â¡Â¡GOOOOOOOOOOOOOOOOL DE @KosovareAsllani!!!!
#HalaMadrid | #RealMadrid https://t.co/iJlxBzSTJq",162,manu Â· nicole Â· gigi 
Annunakis7,Anunnakis7â†¯,"RT @realmadridfem: 28' | 2-0 | Â¡Â¡Â¡Â¡GOOOOOOOOOOOOOOOOL DE @KosovareAsllani!!!!
#HalaMadrid | #RealMadrid https://t.co/iJlxBzSTJq",162,ğŸ‘Œ
Nooee_mii,NoemÃ­ â™€ğŸŒ¹,"RT @realmadridfem: 28' | 2-0 | Â¡Â¡Â¡Â¡GOOOOOOOOOOOOOOOOL DE @KosovareAsllani!!!!
#HalaMadrid | #RealMadrid https://t.co/iJlxBzSTJq",162,
rockyfenty,Perla,"RT @realmadridfem: 28' | 2-0 | Â¡Â¡Â¡Â¡GOOOOOOOOOOOOOOOOL DE @KosovareAsllani!!!!
#HalaMadrid | #RealMadrid https://t.co/iJlxBzSTJq",162,real madrid 
Chibebita,AnDyâ€¢#Vikingo#HalaMadridâ€¢âš“ğŸ‡²ğŸ‡½ğŸ‡µğŸ‡·,"RT @realmadridfem: 28' | 2-0 | Â¡Â¡Â¡Â¡GOOOOOOOOOOOOOOOOL DE @KosovareAsllani!!!!
#HalaMadrid | #RealMadrid https://t.co/iJlxBzSTJq",162,
Tatiana_re6,T.,"RT @realmadridfem: 28' | 2-0 | Â¡Â¡Â¡Â¡GOOOOOOOOOOOOOOOOL DE @KosovareAsllani!!!!
#HalaMadrid | #RealMadrid https://t.co/iJlxBzSTJq",162,PerÃº
EL_SPICIAL,UNICO,"RT @realmadridfem: 28' | 2-0 | Â¡Â¡Â¡Â¡GOOOOOOOOOOOOOOOOL DE @KosovareAsllani!!!!
#HalaMadrid | #RealMadrid https://t.co/iJlxBzSTJq",162,ÙƒØ§Ù†Ø§ÙŠ
nn_deportivas,Noticias deportivas,"RT @realmadridfem: 28' | 2-0 | Â¡Â¡Â¡Â¡GOOOOOOOOOOOOOOOOL DE @KosovareAsllani!!!!
#HalaMadrid | #RealMadrid https://t.co/iJlxBzSTJq",162,En algÃºn rincÃ³n de EspaÃ±a
FGMadrid1,FerGMadrid,"RT @realmadridfem: 28' | 2-0 | Â¡Â¡Â¡Â¡GOOOOOOOOOOOOOOOOL DE @KosovareAsllani!!!!
#HalaMadrid | #RealMadrid https://t.co/iJlxBzSTJq",162,"Eivissa, EspaÃ±a"
shelovscontrool,ğ”ğ”¢ğ”±ğ”¦ğ” ğ”¦ğ” | ğŸ‡§ğŸ‡·,"RT @realmadridfem: 28' | 2-0 | Â¡Â¡Â¡Â¡GOOOOOOOOOOOOOOOOL DE @KosovareAsllani!!!!
#HalaMadrid | #RealMadrid https://t.co/iJlxBzSTJq",162,@Flamengo @realmadrid
milicianacx,miliciAna,"RT @realmadridfem: 28' | 2-0 | Â¡Â¡Â¡Â¡GOOOOOOOOOOOOOOOOL DE @KosovareAsllani!!!!
#HalaMadrid | #RealMadrid https://t.co/iJlxBzSTJq",162,"Barro Preto, Belo Horizonte, B"
toni8019,Toni,"RT @realmadridfem: 28' | 2-0 | Â¡Â¡Â¡Â¡GOOOOOOOOOOOOOOOOL DE @KosovareAsllani!!!!
#HalaMadrid | #RealMadrid https://t.co/iJlxBzSTJq",162,
MiedoEscenico2,áŒ¢à¹€ÎµÕªà²° íŠ¸sà¶½Î­Ö€ià¶½à²° Â³â´,"RT @realmadridfem: 28' | 2-0 | Â¡Â¡Â¡Â¡GOOOOOOOOOOOOOOOOL DE @KosovareAsllani!!!!
#HalaMadrid | #RealMadrid https://t.co/iJlxBzSTJq",162,Estadio Santiago BernabÃ©u
RMF_Stan23,â™ Æ™à½Ä±Ê‚ â™‹,"RT @realmadridfem: 28' | 2-0 | Â¡Â¡Â¡Â¡GOOOOOOOOOOOOOOOOL DE @KosovareAsllani!!!!
#HalaMadrid | #RealMadrid https://t.co/iJlxBzSTJq",162,"Barcelona, EspaÃ±a  "
danirm107,ğ’…ğ’‚ğ’ğ’Š.,"RT @realmadridfem: 28' | 2-0 | Â¡Â¡Â¡Â¡GOOOOOOOOOOOOOOOOL DE @KosovareAsllani!!!!
#HalaMadrid | #RealMadrid https://t.co/iJlxBzSTJq",162,"BogotÃ¡, Colombia"
javycane,J,"RT @realmadridfem: 28' | 2-0 | Â¡Â¡Â¡Â¡GOOOOOOOOOOOOOOOOL DE @KosovareAsllani!!!!
#HalaMadrid | #RealMadrid https://t.co/iJlxBzSTJq",162,"Silver Spring, MD"
Mohamme00879418,Mohammed Al qasim,"RT @realmadridfem: 28' | 2-0 | Â¡Â¡Â¡Â¡GOOOOOOOOOOOOOOOOL DE @KosovareAsllani!!!!
#HalaMadrid | #RealMadrid https://t.co/iJlxBzSTJq",162,
DonFraancisco,CHAMANOUğŸ‡¨ğŸ‡®ğŸ‡¨ğŸ‡»,"RT @realmadridfem: 28' | 2-0 | Â¡Â¡Â¡Â¡GOOOOOOOOOOOOOOOOL DE @KosovareAsllani!!!!
#HalaMadrid | #RealMadrid https://t.co/iJlxBzSTJq",162,"CÃ´te d'Ivoire, Abidjan"
CactusRM,Cactus ğŸŒµ,"RT @realmadridfem: 28' | 2-0 | Â¡Â¡Â¡Â¡GOOOOOOOOOOOOOOOOL DE @KosovareAsllani!!!!
#HalaMadrid | #RealMadrid https://t.co/iJlxBzSTJq",162,Borde a natura. âŠ•
Jooabe21,Ã˜,"RT @realmadridfem: 28' | 2-0 | Â¡Â¡Â¡Â¡GOOOOOOOOOOOOOOOOL DE @KosovareAsllani!!!!
#HalaMadrid | #RealMadrid https://t.co/iJlxBzSTJq",162,
NaniKeys,Diana HernÃ¡ndez,"RT @realmadridfem: 28' | 2-0 | Â¡Â¡Â¡Â¡GOOOOOOOOOOOOOOOOL DE @KosovareAsllani!!!!
#HalaMadrid | #RealMadrid https://t.co/iJlxBzSTJq",162,"Madrid, Spain"
Wayne78190,Wayne,"RT @realmadridfem: 28' | 2-0 | Â¡Â¡Â¡Â¡GOOOOOOOOOOOOOOOOL DE @KosovareAsllani!!!!
#HalaMadrid | #RealMadrid https://t.co/iJlxBzSTJq",162,Trappes
tobalmr,ğ•¿ğ–”ğ–‡ğ–†ğ–‘,"RT @realmadridfem: 28' | 2-0 | Â¡Â¡Â¡Â¡GOOOOOOOOOOOOOOOOL DE @KosovareAsllani!!!!
#HalaMadrid | #RealMadrid https://t.co/iJlxBzSTJq",162,"Cartagena, EspaÃ±a"
NaiaraRA13,Naiara Rodriguez,"RT @realmadridfem: 28' | 2-0 | Â¡Â¡Â¡Â¡GOOOOOOOOOOOOOOOOL DE @KosovareAsllani!!!!
#HalaMadrid | #RealMadrid https://t.co/iJlxBzSTJq",162,
YEEZUSCHILLIN,sammy!,"RT @realmadridfem: 28' | 2-0 | Â¡Â¡Â¡Â¡GOOOOOOOOOOOOOOOOL DE @KosovareAsllani!!!!
#HalaMadrid | #RealMadrid https://t.co/iJlxBzSTJq",162,nilton santos
azzam_al_hanif,Azzam Al Hanif,"RT @realmadridfem: 28' | 2-0 | Â¡Â¡Â¡Â¡GOOOOOOOOOOOOOOOOL DE @KosovareAsllani!!!!
#HalaMadrid | #RealMadrid https://t.co/iJlxBzSTJq",162,"Palembang,Indonesia"
mimadridx,cela,"RT @realmadridfem: 28' | 2-0 | Â¡Â¡Â¡Â¡GOOOOOOOOOOOOOOOOL DE @KosovareAsllani!!!!
#HalaMadrid | #RealMadrid https://t.co/iJlxBzSTJq",162,
SamuD95,SamuD,"RT @realmadridfem: 28' | 2-0 | Â¡Â¡Â¡Â¡GOOOOOOOOOOOOOOOOL DE @KosovareAsllani!!!!
#HalaMadrid | #RealMadrid https://t.co/iJlxBzSTJq",162,
gxbicrf,tristiela á¶œÊ³á¶ ,"RT @realmadridfem: 28' | 2-0 | Â¡Â¡Â¡Â¡GOOOOOOOOOOOOOOOOL DE @KosovareAsllani!!!!
#HalaMadrid | #RealMadrid https://t.co/iJlxBzSTJq",162,"Rio do Sul, $C"
Navilion,Navilion ğŸ‡ªğŸ‡¦ğŸ”•,"RT @realmadridfem: 28' | 2-0 | Â¡Â¡Â¡Â¡GOOOOOOOOOOOOOOOOL DE @KosovareAsllani!!!!
#HalaMadrid | #RealMadrid https://t.co/iJlxBzSTJq",162,"Madrid, Spain."
julio_fer21,Julio FernÃ¡ndez,"RT @realmadridfem: 28' | 2-0 | Â¡Â¡Â¡Â¡GOOOOOOOOOOOOOOOOL DE @KosovareAsllani!!!!
#HalaMadrid | #RealMadrid https://t.co/iJlxBzSTJq",162,MÃ¡s allÃ¡ de OriÃ³n
nikicavalli,R.,"RT @realmadridfem: 28' | 2-0 | Â¡Â¡Â¡Â¡GOOOOOOOOOOOOOOOOL DE @KosovareAsllani!!!!
#HalaMadrid | #RealMadrid https://t.co/iJlxBzSTJq",162,Al este de Madrid.
RealMGirls,Real Madrid Girls,"RT @realmadridfem: 28' | 2-0 | Â¡Â¡Â¡Â¡GOOOOOOOOOOOOOOOOL DE @KosovareAsllani!!!!
#HalaMadrid | #RealMadrid https://t.co/iJlxBzSTJq",162,
SusanaTRuiz,ğŸ€Susana ğŸ€ğŸ¦‹ğŸ’«,"RT @realmadridfem: 28' | 2-0 | Â¡Â¡Â¡Â¡GOOOOOOOOOOOOOOOOL DE @KosovareAsllani!!!!
#HalaMadrid | #RealMadrid https://t.co/iJlxBzSTJq",162,"AlcalÃ¡ de Henares, Madrid "
LaithRMFC,Ù„ÙŠØ« Ù…Ø¯Ø±ÙŠØ¯ 17,"RT @realmadridfem: 28' | 2-0 | Â¡Â¡Â¡Â¡GOOOOOOOOOOOOOOOOL DE @KosovareAsllani!!!!
#HalaMadrid | #RealMadrid https://t.co/iJlxBzSTJq",162,"Manhattan, NY"
CajarDeCampo,ğŸ”»Cajardecampo,"RT @realmadridfem: 28' | 2-0 | Â¡Â¡Â¡Â¡GOOOOOOOOOOOOOOOOL DE @KosovareAsllani!!!!
#HalaMadrid | #RealMadrid https://t.co/iJlxBzSTJq",162,OjalÃ¡ en la cama
JM_ROMO,âš½ Jane Romo âš½,"RT @realmadridfem: 28' | 2-0 | Â¡Â¡Â¡Â¡GOOOOOOOOOOOOOOOOL DE @KosovareAsllani!!!!
#HalaMadrid | #RealMadrid https://t.co/iJlxBzSTJq",162,"San Luis PotosÃ­, MÃ©xico"
almurobbiegadot,Almu,"RT @realmadridfem: 28' | 2-0 | Â¡Â¡Â¡Â¡GOOOOOOOOOOOOOOOOL DE @KosovareAsllani!!!!
#HalaMadrid | #RealMadrid https://t.co/iJlxBzSTJq",162,EspaÃ±a
Yatish34,Y,"RT @realmadridfem: 28' | 2-0 | Â¡Â¡Â¡Â¡GOOOOOOOOOOOOOOOOL DE @KosovareAsllani!!!!
#HalaMadrid | #RealMadrid https://t.co/iJlxBzSTJq",162,
jose98CDB,ğŸ…ğ™…ğ™Šğ™ğ™€ğŸ…,"RT @realmadridfem: 28' | 2-0 | Â¡Â¡Â¡Â¡GOOOOOOOOOOOOOOOOL DE @KosovareAsllani!!!!
#HalaMadrid | #RealMadrid https://t.co/iJlxBzSTJq",162,
jenbee_crf,jennifer,"RT @realmadridfem: 28' | 2-0 | Â¡Â¡Â¡Â¡GOOOOOOOOOOOOOOOOL DE @KosovareAsllani!!!!
#HalaMadrid | #RealMadrid https://t.co/iJlxBzSTJq",162,Natal
amukeyo81,ğŸ‡¯ğŸ‡µã‚ã‚€ã‘ã‚ˆã¦ã‚‹ã‚€ğŸ‡ªğŸ‡¸ğŸ‡®ğŸ‡¹ğŸ†34ğŸ†(3ä»£ç›®),"RT @realmadridfem: 28' | 2-0 | Â¡Â¡Â¡Â¡GOOOOOOOOOOOOOOOOL DE @KosovareAsllani!!!!
#HalaMadrid | #RealMadrid https://t.co/iJlxBzSTJq",162,"Osaka, Japan"
Kennedee_CH,King Kennedy,"@reel_maxi @goal Raul, Cristiano etc... were badly treated by #RealMadrid.",0,House of Grace
nuwan2am,Tharuka Nuwan,RT @Bolt_Global: âš¡ï¸#RealMadrid will be looking for their first #ChampionsLeague victory of the season when they welcome #InterMilan to theâ€¦,310,Sri Lanka
22bet_official,22BET,Better than Higuainâ‰ï¸ğŸ˜‚ #football #sergioramos #ramos #stats #defender #realmadrid #22bet https://t.co/LIa1hrdg56,0,
FinnsMarks,Finns&Marks,"No wonder the brands flock to them for endorsements

#finnsnmarks #fnm #wisdomwednesdays #footballfans #fcâ€¦ https://t.co/CFafh0xg15",1,
FootyZoneNet,FootyZone.net,"RT @sportmag360: Tuesday Full Of Goals âš½ï¸âš½ï¸âš½ï¸

https://t.co/GK3xDVn1Qy
 
#liverpool #atlanta #football #soccergame #soccer #sports #sportsmâ€¦",1,
MarcosA52585696,marcus,"RT @Route1futbol: ğŸ™@FabrizioRomano on @podcastherewego: ""Sergio Ramos ğŸ‡ªğŸ‡¸ wants to stay at Real Madrid, he wants to end his career at Real Mâ€¦",3,
sportmag360,Sportmag360,"Tuesday Full Of Goals âš½ï¸âš½ï¸âš½ï¸

https://t.co/GK3xDVn1Qy
 
#liverpool #atlanta #football #soccergame #soccer #sportsâ€¦ https://t.co/D4ZIvDkL12",1,
MoosaJR2,Moosa JR,"RT @tf_sportedit: Ronaldo | Wallpaper 
Arte by @ArteCrvg 

#Ronaldo #Fenomeno #Barca #RealMadrid https://t.co/ChzOoCTgJn",5,
CorsariPietro,Corsari Pietro,#RealMadrid â€˜s best player last night ğŸ˜‚ https://t.co/v1Kqny1NOO,0,"Milano, Lombardia"
Ricardiinho_17,Ricky,"RT @C_afthab_akbar: Vidal never gets the hang of it ğŸ˜‚ğŸ˜‚

#UCL #UEFA #ChampionsLeague #RealMadrid #intermlian #Vinicius #Rodrygo #benzema #Raâ€¦",1,"Porto, Portugal"
TUTTOINTER,TuttoInter.com,"RT @RakovEV: Real Madrid - Inter 3:2

Dynamic passmap

#RealInter #RealMadrid #Inter https://t.co/zNeeNATw3O",1,milano
ux_things,Ankit Karki,"We @RMFCNepal have just got a formal recognition as ""Official Fan Club of Nepal"" by @realmadrid  ğŸ¥³

#HalaMadridâ€¦ https://t.co/U5TBSAnZe4",0,Kathmandu
vinijrdepre,vinicius jr depre,"RT @tf_sportedit: Real Madrid CF | Wallpaper 

#RealMadridInter #RealMadrid #HalaMadrid #UCL https://t.co/IrxJacQ5gO",4,
jesuis_theo,Theo ğŸŒ¿ğŸ¦»ğŸ¼,"RT @tf_sportedit: Real Madrid CF | Wallpaper 

#RealMadridInter #RealMadrid #HalaMadrid #UCL https://t.co/IrxJacQ5gO",4,BrasÃ­lia
HeadlineFutbol,Headline Football,"Portuguese legend Luis Figo turns 48 today ğŸ‰
#HBD #RealMadrid #Inter #FCBarcelona https://t.co/KKIN0d20cl",0,
tf_sportedit,TF Sport Edit,"Real Madrid CF | Wallpaper 

#RealMadridInter #RealMadrid #HalaMadrid #UCL https://t.co/IrxJacQ5gO",4,
RakovEV,Egor Rakov,"Real Madrid - Inter 3:2

Dynamic passmap

#RealInter #RealMadrid #Inter https://t.co/zNeeNATw3O",1,"Ğ§ĞµĞ»ÑĞ±Ğ¸Ğ½ÑĞº, Ğ Ğ¾ÑÑĞ¸Ñ"
al_firmans1908,al_firman's,"RT @WestLegionAle: UEFA Champions League 2020-2021
Grup B
MatchDay 3

#RealMadrid 3 vs 2 #INTER

âš½ : #Lautaro &amp; #PeriÅ¡iÄ‡

#UCL
#RealMadridIâ€¦",1,DKI Jakarta
Juicesx1,Thankfull âšªğŸŒ,RT @Bolt_Global: âš¡ï¸#RealMadrid will be looking for their first #ChampionsLeague victory of the season when they welcome #InterMilan to theâ€¦,310,SOMEWHERE ON EARTH ğŸŒ ğŸ—º 
kwasiarthur6,Jordan,"RT @Route1futbol: ğŸ™@FabrizioRomano on @podcastherewego: ""Sergio Ramos ğŸ‡ªğŸ‡¸ wants to stay at Real Madrid, he wants to end his career at Real Mâ€¦",3,United States
Suryanshkumar64,Suryansh,"RT @Route1futbol: ğŸ™@FabrizioRomano on @podcastherewego: ""Sergio Ramos ğŸ‡ªğŸ‡¸ wants to stay at Real Madrid, he wants to end his career at Real Mâ€¦",3,
dan_bu,Daniel Busch,"RT @TMuk_news: Scored 100 times for Real 

Ramos only a few goals behind Ronaldo and Bale - Highest-scoring defender since 2000

#RealMadriâ€¦",1,Hamburg
TMusa_news,Transfermarkt.us,"Scored 100 times for Real 

Ramos only a few goals behind Ronaldo and Bale - Highest-scoring defender since 2000â€¦ https://t.co/rpeGTwb5cB",0,Concacaf
safwansfalamee1,safwansfalameen7863@gmail.com,Always a MADRIDISTA #HalaMadrid #RealMadrid https://t.co/UeE9Dd6d2Z,0,
worldnewsdotcom,World News Network,"Zinedine Zidane Hails #SergioRamos on Reaching 100 #RealMadrid Goals

#Zidane 
https://t.co/ZrOqGiAqf5 https://t.co/ABgmDimf6Q",0,
WestLegionAle,ULAR12 West Legion,"UEFA Champions League 2020-2021
Grup B
MatchDay 3

#RealMadrid 3 vs 2 #INTER

âš½ : #Lautaro &amp; #PeriÅ¡iÄ‡

#UCLâ€¦ https://t.co/UWONDYlg6C",1,"Jakarta Barat, DKI Jakarta"
fut_reka1990,Fut.reka,"Typical goal from @Benzema ğŸ˜‚ğŸ˜‚ğŸ˜‚
#realmadrid #benzema #UCL #GOAT #GoalOfTheDay https://t.co/pYiUqTjjWI",0,
BARZAMAN,BARÃ‡AMAN,RT @footballitalia: Italian media claim #RealMadrid forward Karim Benzemaâ€™s goal against #Inter should have been disallowed for a clear pusâ€¦,7,
royaelty,Tartan,"RT @realmadriden: ğŸ‘”ğŸ¤ President Florentino PÃ©rez exchanged gifts with Javier Zanetti, @Inter_en deputy president ahead of the match.
#RealMaâ€¦",72,
ElDanielAlva,Daniel Alvarado,"RT @ESPNDeportes: Sergio Ramos: 1ï¸âƒ£ 0ï¸âƒ£ 0ï¸âƒ£  goles con Real Madrid en todas las competencias. 

#UCL #RealMadrid #RealInter https://t.co/kAâ€¦",14,Ecuador
TheFutNow,Football Now,"Sergio Ramos on his 100th goal: ""It's not bad, and it is nice that it is recognised. It's not a figure which defendâ€¦ https://t.co/jAawxuGmJW",0,
dikembemutumbo4,dikembe mutumbo,RT @footballitalia: Italian media claim #RealMadrid forward Karim Benzemaâ€™s goal against #Inter should have been disallowed for a clear pusâ€¦,7,
FootTheBall,FootTheBall,"Will RAMOS stay at MADRID?
#Zidane #Ramos #RealMadrid #halamadrid #Realmadrid #Football https://t.co/nOWT74xMlh",1,Locker Room
Joseph51299103,Faka Joseph,RT @Bolt_Global: âš¡ï¸#RealMadrid will be looking for their first #ChampionsLeague victory of the season when they welcome #InterMilan to theâ€¦,310,
sultanmahimi,Sultan Mahimi,"RT @sportz_hub: Sergio Ramos has now scored 100 goals across all competitions for Real Madrid.

And he is a defender. ğŸ‘‘ https://t.co/FPP3JPâ€¦",1,
C_afthab_akbar,Cartoonist Afthab Akbar,"Vidal never gets the hang of it ğŸ˜‚ğŸ˜‚

#UCL #UEFA #ChampionsLeague #RealMadrid #intermlian #Vinicius #Rodrygo #benzemaâ€¦ https://t.co/RvNux0ix1I",1,"Trivandrum, India"
recoba1974,ã¾ã£ã¤ã‚“,RT @footballitalia: Wednesday's Italian #Calcio headlines in English https://t.co/GSeA5INDzz #FCIM #RealMadrid #Atalanta #LFC #Juventus #Laâ€¦,9,å¤§é˜ªåºœ
gladbach_rt,gladbach_rt,"RT @24Feast: ğŸ’¯ goals for Real Madrid for Sergio Ramos!

Simply...I-N-S-A-N-EğŸ‘ŒğŸ‡ªğŸ‡¦

#sergioramos #ramos #losblancos #bbcsport #btsport #skyspoâ€¦",1,MÃ¶nchengladbach
24Feast,Football Feast 24,"ğŸ’¯ goals for Real Madrid for Sergio Ramos!

Simply...I-N-S-A-N-EğŸ‘ŒğŸ‡ªğŸ‡¦

#sergioramos #ramos #losblancos #bbcsportâ€¦ https://t.co/GjyROvzCKX",1,
SportMobApp,SportMob,Golfing with Bale https://t.co/BbGGilrXtq #realmadrid #Gareth_Bale | SportMob https://t.co/hTYVcY76ff,0,"Dubai, United Arab Emirates â¤"
AramideAbike,Abike Aramide ğŸ‡³ğŸ‡¬,RT @Bolt_Global: âš¡ï¸#RealMadrid will be looking for their first #ChampionsLeague victory of the season when they welcome #InterMilan to theâ€¦,310,"Lagos, Nigeria "
Sp0rting0pini0n,Sporting Opinion,"In today's Daily Football Opinion Speedy Poll &gt; https://t.co/LjYSNPhaq0:

- should children's grassroots football bâ€¦ https://t.co/YLWjKdP0UB",0,
_ortegalemire,G.Ortega,"Midfield would be litğŸ™ŒğŸ»
#RealMadrid #Odegaard https://t.co/miFhiiCvet",0,
Horlar881,Horlar88,RT @Bolt_Global: âš¡ï¸#RealMadrid will be looking for their first #ChampionsLeague victory of the season when they welcome #InterMilan to theâ€¦,310,
AhmedAli1718,Ahmed Ali,RT @Bolt_Global: âš¡ï¸#RealMadrid will be looking for their first #ChampionsLeague victory of the season when they welcome #InterMilan to theâ€¦,310,
ElainNainNaine,E.,RT @SportsOfLife_: Sergio Ramos scores his 100th goal for @realmadriden in all competitions #SergioRamos #RealMadrid https://t.co/fGir92Ri3M,9,"On Twitter, ending SARS"
ScouttJersey,scoutt's jersey,"No one is left out 
Get your under age jerseys @ScouttJersey 

#LaLigaSantander  #LaLiga 
#EPL  #Below10  #Footballâ€¦ https://t.co/CymoVUzIZG",0,Trasacco Estate
Axeeeeeell,Piranha,Campeones #realmadrid,0,"Twitterland, Madrid"
Don_Nerazzurri,Mike Whittaker,"RT @SempreIntercom: MATCH RATINGS: #RealMadrid 3 - @Inter 2; The match offered more than #Inter were willing to take, so here's @mesuneet'sâ€¦",24,"Macclesfield, Cheshire, UK"
SempreIntercom,SempreInter,"RT @SempreIntercom: MATCH RATINGS: #RealMadrid 3 - @Inter 2; The match offered more than #Inter were willing to take, so here's @mesuneet'sâ€¦",24,Worldwide
Moha11ba,Moha â™›ğŸ‹ï¸â€â™‚ï¸,"Same character, same performance, same flexibility, scoring ...
Age is just a number for CR7 â™¥ï¸ğŸ”¥
#RealMadridâ€¦ https://t.co/SEtv9XEiS4",0,ÙŠÙˆØ§Ø§Ø¯ Ù‚ÙˆÙ… ÙŠÙˆØ§Ø§Ø¯
noobe_sensei,noobmaster,RT @Route1futbol: Rodrygo ğŸ‡§ğŸ‡· has become the first player born in the 21st century to score five goals in the Champions League. ğŸ† [Opta] #Reâ€¦,8,
TalalSAlOun,Talal S. AlOun,RT @footballitalia: Italian media claim #RealMadrid forward Karim Benzemaâ€™s goal against #Inter should have been disallowed for a clear pusâ€¦,7,Kuwait
emmanla1989,Emma Nuel,RT @Bolt_Global: âš¡ï¸#RealMadrid will be looking for their first #ChampionsLeague victory of the season when they welcome #InterMilan to theâ€¦,310,"Lagos, Nigeria"
meysam39559824,meysam,RT @Bolt_Global: âš¡ï¸#RealMadrid will be looking for their first #ChampionsLeague victory of the season when they welcome #InterMilan to theâ€¦,310,
crypmena,Cryp Mena,RT @Bolt_Global: âš¡ï¸#RealMadrid will be looking for their first #ChampionsLeague victory of the season when they welcome #InterMilan to theâ€¦,310,
hamanney87,Abdulrahman,RT @footballitalia: #Inter defender Alessandro Bastoni said the Nerazzurri â€˜made costly mistakesâ€™ against #RealMadrid. â€˜We must work to undâ€¦,5,Abu Dhabi
aaqibraza,Aqi,Scoring 100 goals is never by chance. A CB who has better stats than most strikers. One of the greatest defenders oâ€¦ https://t.co/iyktV3Dtw8,0,
thisischeetah,á´„Êœá´‡á´‡á´›á´€ÊœğŸ†â‚ƒâ‚„.â‚â‚ƒ,"Sold hakimi to #InterMilan so that when they face #RealMadrid in #UCL he can assist benzema and help madrid...
Papaâ€¦ https://t.co/3BilatUQIH",0,"Kerala, India"
LegoFootball,My Funny Games Builder,"All goals #RealMadridInter #ChampionsLeague in #LEGO 
[ full video via YouTube:  https://t.co/vRP0mrPMDG ]â€¦ https://t.co/CurwuI2geO",0,
abba_k_zizu,Abba Kabir ZizuğŸ”´,"RT @nkfulatan: Good job team.
A contented result.
#HalaMadrid ! ğŸ‘‘âš½ğŸ’ªğŸ»

#RealMadridInter
#RealMadrid #UCL",3,"Kano, Nigeria"
am__jersey,Pronounced as A M Jersey,"P R I C E L E S S ğŸ’¯ â£
â£
Sergio Ramos x Toni Kroos â£
â£
Very few players can match up with these guys in their primeâ€¦ https://t.co/eJnswJoZD6",0,Worldwide
caughtoffside,CaughtOffside,Conte unhappy with officials for this reason after #Inter's defeat at #RealMadrid https://t.co/9mnklQS2KP,0,
Slimsauce,IG: Iam_Mozie,RT @Bolt_Global: âš¡ï¸#RealMadrid will be looking for their first #ChampionsLeague victory of the season when they welcome #InterMilan to theâ€¦,310,Cloud 9
_peablaze,Peace Njoku,RT @Bolt_Global: âš¡ï¸#RealMadrid will be looking for their first #ChampionsLeague victory of the season when they welcome #InterMilan to theâ€¦,310,"Owerri, Nigeria"
ALIFAAIZ_,SKOOLWAYNE,RT @footballitalia: #Inter defender Alessandro Bastoni said the Nerazzurri â€˜made costly mistakesâ€™ against #RealMadrid. â€˜We must work to undâ€¦,5,
English_AS,AS English,| @AS_Relano looks back at Tuesday's #UCL action with a crucial Real Madrid win over Inter and Atleti securing a crâ€¦ https://t.co/rmZEQTDyDB,0,"Madrid, EspaÃ±a"
CheshtaBakshi,Cheshta Bakshi,"Sergio Ramos completes his 100th goal for the club, the star player shares his happiness over twitter.â€¦ https://t.co/Pk70BUUklE",0,"New Delhi, India"
ParmeshSriv,Parmeshwar Srivastava,RT @footballitalia: #Inter defender Alessandro Bastoni said the Nerazzurri â€˜made costly mistakesâ€™ against #RealMadrid. â€˜We must work to undâ€¦,5,"Mumbai, India"
footballitalia,footballitalia,#Inter defender Alessandro Bastoni said the Nerazzurri â€˜made costly mistakesâ€™ against #RealMadrid. â€˜We must work toâ€¦ https://t.co/4IgcUXL4gM,5,
News18Sports,News18 Sports,#RealMadrid manager #ZinedineZidane says he has no doubt captain #SergioRamos will extend his stay with the #LaLigaâ€¦ https://t.co/3X6xiVP92b,0,India
MalabaFCB,The Da Vinci Code,RT @footballitalia: Italian media claim #RealMadrid forward Karim Benzemaâ€™s goal against #Inter should have been disallowed for a clear pusâ€¦,7,"Bulawayo, Mthwakazi"
ChadNFFC,Chad,ğŸ¤¯ğŸ¤¯ wow! Unbelievable stat ğŸ‘  and people still aay VVD is best CB in the world.  Come off it ğŸ–•ğŸ˜‚ #RealMadrid #Ramos https://t.co/G8zV8Vdm1K,0,"Nottingham, England"
NewEurobet,New Eurobet,It was from a header that the 34-year-old #Ramos reached scored his 100th goal for #RealMadrid  in Tuesday's tenseâ€¦ https://t.co/kqW6IhqeI5,1,Ghana
jerseum,JERSEUM,"â˜…â˜†â˜… Just added â˜…â˜†â˜…

ã€Seasonã€‘ : 2002
ã€Teamã€‘ : France
ã€Modelã€‘ : Home
ã€Numberã€‘ : 10
ã€Playerã€‘ : ZIDANE
ã€Notesã€‘ : FIFA Wâ€¦ https://t.co/FWpJRArgLd",0,
nura_magama,Nura Ibrahim Magama,"RT @Socia1RMadrid: How it starts                                 How it's going
#UCL  #RealMadrid #RealMadridInter https://t.co/ydEMsvXHbX",1,"Katsina, Nigeria"
ggibas1,Geoff Gibas #ProPeopleProEurope #BlackLivesMatter,"2 goals in 8 games
So #RealMadrid want to sign #Mir

@RichardM8422
@Sarah_Clapson
Nottingham Forest transfers: Cityâ€¦ https://t.co/n9bFFI84vt",0,
navidshokriyan,NAVIDSHOKRIYAN,RT @Bolt_Global: âš¡ï¸#RealMadrid will be looking for their first #ChampionsLeague victory of the season when they welcome #InterMilan to theâ€¦,310,
damlesky09,lesky,RT @Bolt_Global: âš¡ï¸#RealMadrid will be looking for their first #ChampionsLeague victory of the season when they welcome #InterMilan to theâ€¦,310,Nigeria
MadridRooter,Real Madrid Rooter,Tottenham new boy Sergio Reguilon opens the door to a return 'home' to Real Madrid https://t.co/6bEZQuUg72 #RMCF #RealMadrid,0,
Segzxx,That guyğŸ‘¨ğŸ‡«ğŸ‡·,"RT @realmadriden: Five years ago, madridismo said goodbye to Alfredo Di StÃ©fano, the greatest footballer of all time and the man who changeâ€¦",2072,Near the Violence.
Chris_Peachey,Chris Peachey,"RT @KitCulture8: In stock

ğŸ‡ªğŸ‡¸ Real Madrid 2015-16 Parley Special Edition Home - X Large

ğŸ’· Â£25

ğŸ›’ https://t.co/GEHbrNJ1J8

#classicfootballâ€¦",1,"Leeds, England"
thwebber,Tom Webber,"Just 16 of Sergio Ramosâ€™ 100 goals for Real Madrid have been scored from open play.

#RealMadrid #HalaMadrid #RMCF https://t.co/xvOq4aCrhe",0,"Leeds, England"
maslen_pierce,coach p,Worth a watch ğŸ€ğŸ”¥ğŸ‡ªğŸ‡¸ğŸ‘Œ some great actions and also all round great team âœ… https://t.co/hWojoMlSSe #nbaplayoffsâ€¦ https://t.co/AXkvNZbv2y,0,
Ahmed_Q,ğŸ‘‘ğ•¬ğ–ğ–’ğ–Šğ–‰ ğ•¬ğ–‡ğ–‰ğ–šğ–‘-ğ•¬ğ–Ÿğ–ğ–ŸğŸ‘‘,"@realmadrid @SergioRamos Nothing to take away from @SergioRamos
he is one of the best defenders in this era and desâ€¦ https://t.co/MVK2tGpHEv",0,Makkah
tesorotec,Tesoro Technology,"Real Madrid gaming chair 
with PU Racing wheel (6cm)
Let you glide smoothly without scratching the floor!â€¦ https://t.co/HTBN1xL5pn",0,
CookeDavin,Davin Cooke,RT @footballitalia: Antonio Conte maintains Inter â€˜are on the right trackâ€™ after a 3-2 defeat to Real Madrid. â€˜This proves that details canâ€¦,9,
egide_mpayimana,Lacca,RT @Route1futbol: (ğŸŒ¤) Sergio Ramos ğŸ‡ªğŸ‡¸ has still not received an offer for renewal: his environment begins to get impatient. In January he câ€¦,1,
SetarehCR,Setareh,"RT @realmadriden: ğŸ‘”ğŸ¤ President Florentino PÃ©rez exchanged gifts with Javier Zanetti, @Inter_en deputy president ahead of the match.
#RealMaâ€¦",72,
kangopi_,tukangopiâ˜•ï¸,"RT @livescore: Sergio Ramos' ğŸ’¯ Real Madrid goals...

Favourite opponent? âšªï¸ğŸ”™
Favourite way to score? ğŸ¯ğŸ’¥
Favourite time to score? â°âŒ›ï¸

Here'â€¦",1,"Jakarta Barat, DKI Jakarta"
livescore,LiveScore,"Sergio Ramos' ğŸ’¯ Real Madrid goals...

Favourite opponent? âšªï¸ğŸ”™
Favourite way to score? ğŸ¯ğŸ’¥
Favourite time to score? â°â€¦ https://t.co/AoidLCnSTR",1,URL
soccerfanatichq,The Soccer Fanatic,Madrid centurion Ramos: Not every day you score your 100th goal https://t.co/PEmPzcvS8g #trending #realmadridâ€¦ https://t.co/uY3xA2ZnU9,40,
PeninsulaQatar,The Peninsula Qatar,"#Zidane confident Ramos will extend #RealMadrid stay

#ChampionsLeague #SergioRamos

https://t.co/OW5a8ntxGy",0,Qatar
europeanfootb18,europeanfootballtoursltd,"Letâ€™s hope for normality soon get some tours back on where is it youâ€™ve been or would like to go ?
#Dortmundâ€¦ https://t.co/fNtmeSEMgh",0,
_bootball,Bootball,"ğŸ‡ªğŸ‡º #EuropaLeague Season 2066/67 1st Group Stage, Groups 9 10 11 12 Round 5, results and classificationsâ€¦ https://t.co/oLs2qn5SP3",0,In Europe at different time coordinates
Horpeholuwarh2,Horpeholuwarh,RT @Bolt_Global: âš¡ï¸#RealMadrid will be looking for their first #ChampionsLeague victory of the season when they welcome #InterMilan to theâ€¦,310,lagos
1betcom,1Bet,"ğ“¥ğ“˜ğ“ğ“˜ ğ“™ğ“¡ &gt; ğ“¡ğ“ğ““ğ“¡ğ“¨ğ“–ğ“ = ğ“–ğ“ğ“ğ“› ğŸ‡§ğŸ‡·ğŸ”¥

Real Madrid won 3-2 against Inter Milan in a thrilling game played at Alfredo Di Stefâ€¦ https://t.co/rl4MdN4xPi",0,Worldwide
NowgoalScore,Nowgoal Livescore,"In the #UCL game #RealMadridInter, #Ramos scored a header for #RealMadrid. This was also the 100th goal that he scoâ€¦ https://t.co/D9ZhaE6JNV",0,
GorgeousGeek27,The.Force.Is.StrongğŸ’šâ™¥,"RT @DaniCarvajal92: Happy to back âš”ï¸âšª step by step ğŸ’ª

#halamadrid #realmadrid #hastaelfinalvamosreal #DC2 https://t.co/EAe9O7JP1D",614,
robeeno1,robeeno,RT @footballitalia: Lautaro Martinez feels â€˜angryâ€™ after Interâ€™s 3-2 defeat to Real Madrid. â€˜We created enough chances to get the victory.â€™â€¦,10,
Maisel_T4421,Maisel TomÃ¡s Glez. G,Felicidades capitÃ¡n por tus 1ï¸âƒ£âš½ï¸âš½ï¸ goles con nuestro #RealMadrid âœŒğŸ½ğŸ˜ƒğŸ‘ğŸ½ #HalaMadrid ğŸ’ªğŸ½ğŸ’ªğŸ½ğŸ’ªğŸ½ğŸ’ªğŸ½âœŒğŸ½âœŒğŸ½âœŒğŸ½âœŒğŸ½ğŸ‘ğŸ½ğŸ‘ğŸ½ğŸ‘ğŸ½ğŸ‘ğŸ½1ï¸âƒ£âš½ï¸âš½ï¸â€¦ https://t.co/DuaEfgBBJL,0,
PSG24hours,PSG en Direct ğŸŒ,"RT @gamepulz: Schedule of this week's supported games âš½âš½âš½ğŸ†
https://t.co/xZxX3NghWT
#ChampionsLeague #RealMadrid #internazionale #leipzig #Pâ€¦",1,Parc des Princes
maryam13681,maryam1368,RT @Bolt_Global: âš¡ï¸#RealMadrid will be looking for their first #ChampionsLeague victory of the season when they welcome #InterMilan to theâ€¦,310,
Socia1RMadrid,SocialRMadrid,"How it starts                                 How it's going
#UCL  #RealMadrid #RealMadridInter https://t.co/ydEMsvXHbX",1,Worldwide
SportzNirvana,Sportz Nirvana,"It was a big night for @realmadriden in the @ChampionsLeague last night against #InterMilan 

#UCL #ChampionsLeagueâ€¦ https://t.co/UNjcBQIwK3",0,
AliMohammedDewj,Ali D,"3-2: Key win over #Inter
@Benzema and @SergioRamos put #RealMadrid into the lead, only for the #Italians to level ,â€¦ https://t.co/tIrAsTi5AB",0,Tanzania
Kofiboakyealon1,Kofiboakyealonso,@realmadrid @SergioRamos #RealMadrid @SergioRamos dis player is a ghost No debate,0,
gamepulz,GamePulz.com,"Schedule of this week's supported games âš½âš½âš½ğŸ†
https://t.co/xZxX3NghWT
#ChampionsLeague #RealMadrid #internazionaleâ€¦ https://t.co/zr1sS6sUe6",1,
merrybetsports,Merrybet,"Legendary defender, #SergioRamos has now scored 1ï¸âƒ£0ï¸âƒ£0ï¸âƒ£ goals for Spanish giants, #RealMadrid. 

Not your averageâ€¦ https://t.co/V0YtEv6HhG",2,"Lagos, Nigeria"
brymo_benz,O L A DI PU PO,"RT @937RhythmFm: Rodrygo Scores Late Goal To Give Real Madrid Victory Over Inter Milan
https://t.co/hyYHrXQD5J

#RhythmSportsNews #Rodrygoâ€¦",1,"Ikeja, Nigeria"
KyroSports,Kyro Sports,"Real Madrid 3-2 Inter Milan: 3 things we learned, Champions League 2020-21 
.
.
.
https://t.co/bn76qp6FMY 
.
.
.â€¦ https://t.co/MEyhO3gvbs",0,"New Delhi, India"
madridstachann2,madridsta_channel,"Video full nya bisa ditonton  di youtobe

â¬‡â¬‡â¬‡â¬‡â¬‡â¬‡â¬‡â¬‡â¬‡
https://t.co/8v2Bia1JRI
Bantu support mads like subscribe and sâ€¦ https://t.co/w1kOHQbZEx",0,
937RhythmFm,Rhythm FM,"Rodrygo Scores Late Goal To Give Real Madrid Victory Over Inter Milan
https://t.co/hyYHrXQD5J

#RhythmSportsNewsâ€¦ https://t.co/2bSxvia4pb",1,"Lagos, Nigeria"
Sihite17,Boan Parulian,Happy to see Real Madrid beat Internazionale Milan... well done monsieur zizou Zidane Hala Madrid #madridistaâ€¦ https://t.co/TwmLow7cUj,0,"Los Angeles, CA"
MajeekDaniel,.,"RT @SpothingHQ: Sergio Ramos reaches 100 goals for Real Madrid: Is he the best defender ever?

#UCL #RealMadridInter #RealMadrid https://t.â€¦",1,"Lagos, Nigeria"
CHUKWUJEKWUSom1,fourth sannin and 1M others,"RT @realmadriden: Five years ago, madridismo said goodbye to Alfredo Di StÃ©fano, the greatest footballer of all time and the man who changeâ€¦",2072,world cup 2022
SpothingHQ,Spothing Retail,"Sergio Ramos reaches 100 goals for Real Madrid: Is he the best defender ever?

#UCL #RealMadridInter #RealMadrid https://t.co/dumyKtjNsN",1,"Lagos, Nigeria"
KhelNowWF,Khel Now World Football,".@SergioRamos is the latest player to cross the 100 GOALS mark for @RealMadrid! âš½ğŸ¦

#UCL #RealMadrid #SergioRamos https://t.co/seb6Lqw7qX",0,"New Delhi, India"
DigpuNews,Digpu,"Ramos Completes Century of Goals For Real Madrid

#ChampionsLeague #RealMadrid #SergioRamos 

https://t.co/IPyaOGD0Nt",0,"New Delhi, India"
Shaz_GB,Shehbaz,RT @footballitalia: Lautaro Martinez feels â€˜angryâ€™ after Interâ€™s 3-2 defeat to Real Madrid. â€˜We created enough chances to get the victory.â€™â€¦,10,Pakistan
AdamTheGentle,Adam The Gentle ğŸ˜ƒğŸ‡ªğŸ‡¸,"RT @realmadriden: Five years ago, madridismo said goodbye to Alfredo Di StÃ©fano, the greatest footballer of all time and the man who changeâ€¦",2072,"Barcelona, Spain"
IamCHEMIXTRY,Zod,RT @Bolt_Global: âš¡ï¸#RealMadrid will be looking for their first #ChampionsLeague victory of the season when they welcome #InterMilan to theâ€¦,310,Worldwide
LudovicaCammar1,Ludovica Cammarone,"RT @MonkeyPills: #sport 

Ivan Perisic equalizer is not enough to avoid losing against #RealMadrid 
credit to 433 for the amazing pic!

#CLâ€¦",11,"Porto Recanati, Marche"
SundayDorcas16,Sunday Dorcas,RT @Bolt_Global: âš¡ï¸#RealMadrid will be looking for their first #ChampionsLeague victory of the season when they welcome #InterMilan to theâ€¦,310,Kaduna
Jinmi__,Gumball,RT @SportsOfLife_: Sergio Ramos scores his 100th goal for @realmadriden in all competitions #SergioRamos #RealMadrid https://t.co/fGir92Ri3M,9,Kurald Galain
dark_silverlake,Varad Pednekar,"Last night's, Real Madrid vs Inter Milan
was a great football match in this pandemic. It showed that the
CHAMPIONSâ€¦ https://t.co/1intwxqndC",0,"Mumbai, India"
marinapolitano9,Maria Grazia,"RT @MonkeyPills: #sport 

Ivan Perisic equalizer is not enough to avoid losing against #RealMadrid 
credit to 433 for the amazing pic!

#CLâ€¦",11,"Milano, Lombardia"
eaglepredict,Sport News and Predictions,"@sergioramos scores his 100th goal for Real Madrid ğŸ‘‘

#eaglepredict #eaglepredictig #halamadrid #realmadridâ€¦ https://t.co/HUhbNXjg2x",0,Nigeria
frances67833170,Francesca Bordoni,"RT @MonkeyPills: #sport 

Ivan Perisic equalizer is not enough to avoid losing against #RealMadrid 
credit to 433 for the amazing pic!

#CLâ€¦",11,"Roma, Lazio"
greymind43,XtraTime,"Is Sergio Ramos the best defender ever?

#SergioRamos #RealMadrid https://t.co/dnrMNwkInN",0,Kolkata
NarayananXi,Narayanan XI,"RT @Johnnysiva7: Sl team agian won gl #Dream11IPL #dream11teams #RealMadrid vs #InterMilan  7th gl in football
@happyranjith @srikanthmeka3â€¦",3,"Bengaluru, India"
BoltBangladesh,BOLT Bangladesh,RT @Bolt_Global: âš¡ï¸#RealMadrid will be looking for their first #ChampionsLeague victory of the season when they welcome #InterMilan to theâ€¦,310,
spartakalena,ĞĞ»Ñ‘Ğ½Ğ° Ğ‘ÑƒÑĞ½Ğ¾Ğ²Ğ°,"@LuisFigo Congratulations Luis. I wish you success, health, bright moments and good mood. Great football player. Seâ€¦ https://t.co/iqjCxrV6cq",0,Ğ’Ğ¾Ğ»Ğ¾Ğ³Ğ´Ğ°
Mahdiiranzad,Mahdi_iranzad,RT @Bolt_Global: âš¡ï¸#RealMadrid will be looking for their first #ChampionsLeague victory of the season when they welcome #InterMilan to theâ€¦,310,
sportsadda_,SportsAdda,"There are defenders, 
there are world-class defenders, 
and then, there's @SergioRamos. ğŸ‘‘

A rock at the back and râ€¦ https://t.co/OCQGDxLyhQ",0,
Jacques_zuma,Jacques zuma,"RT @realmadriden: ğŸ‘”ğŸ¤ President Florentino PÃ©rez exchanged gifts with Javier Zanetti, @Inter_en deputy president ahead of the match.
#RealMaâ€¦",72,Nakuru
Joefixedgamess,Joe Fixed games,"RT @Joefixedgames: Some Are Watching ğŸ‘€, some Are Investing ğŸ’ And Withdrawing Their ProfitğŸ’¸ 
while Some Are still having doubts  âŒâŒ 

Stop wâ€¦",1,
_onthebreak_,On The Break,Good morning everyone!! How is everyone feeling ahead of the UCL games tonight?? I am a United fan so I'm hoping foâ€¦ https://t.co/tLxwETiFNP,0,
Ajit_Matrrixx,MATRRIXXÂ® CRICKET,RT @AjitMenon_Real: @realmadriden @Inter_en @Benzema @SergioRamos @RodrygoGoes By jove #Zidane &amp; #RealMadrid hang in by the skin of their tâ€¦,1,"Meerut, India"
Liverpool_zy,Liverpoolzy*,RT @Liverpool_zy: Why is UCL group B displayed upside down? #RealMadrid #Inter #RMAINT https://t.co/wqmXMmbJcR,1,
legendsilver,FARMER,"RT @am_spotlight: I am happy to score this wonderful goal for my team.
#SkySport #CristianoRonaldo #CR7 #messi #Neymar #LaLiga 
#PremierLeaâ€¦",2,LASGIDI
Oliveb24,Olive'b Enterprises,"â€œThe key to life is accepting challenges. Once someone stops doing this, he's dead.â€
â€• Bette Davis
#HalaMadridâ€¦ https://t.co/Vx4mEhVKOZ",0,Pakistan
TharidC,Tharid Crypto,RT @Bolt_Global: âš¡ï¸#RealMadrid will be looking for their first #ChampionsLeague victory of the season when they welcome #InterMilan to theâ€¦,310,
sandhywillyanto,sandhy willyanto,"RT @DamiDev_: Foul or not ? 
#Hakimi vs #Mendy  #RealMadridInter #RealMadrid #inter https://t.co/bCid8PoHQ9",2,jakarta
Babanasidi01,Abdulkadir Nasidi,"#RealMadrid conceded 7 goals in 3 #UCL games, against Sharktar, BMGB and Inter? #Zidane must fix his defence in theâ€¦ https://t.co/Uai6m4WVIO",0,"Abuja, Nigeria. "
kemithbot,Kemithbot,RT @Bolt_Global: âš¡ï¸#RealMadrid will be looking for their first #ChampionsLeague victory of the season when they welcome #InterMilan to theâ€¦,310,
ExtratipsC,extratips.com,"#FCPorto, #ManCity, and #RealMadrid also claimed impressive wins ğŸ’ª",0,
Outlookindia,Outlook Magazine,"Portugal striker #DiogoJota scored a hattrick as #Liverpool routed #Atalanta in #ChampionsLeague; #RealMadrid,â€¦ https://t.co/TXpaEVqvFg",0,"New Delhi, India"
sports_xplore,XploreSports,"âš½ï¸ Liverpool and #BayernMunich run riot in #ChampionsLeague as #RealMadrid edge #InterMilan.
ğŸ¯Full Match Report..Joâ€¦ https://t.co/RoPEetNfZ9",0,Pune
timesofindia,The Times Of India,"RT @toisports: .@SergioRamos craving for more after netting 100th goal for @realmadriden 

READ: https://t.co/yFUnF4iB8O

#SergioRamos #Reaâ€¦",1,New Delhi
mark_osifo,ï£«dbigmark2ï£«Â®,RT @footballitalia: Wednesday's Italian #Calcio headlines in English https://t.co/GSeA5INDzz #FCIM #RealMadrid #Atalanta #LFC #Juventus #Laâ€¦,9,Life!!!
UpsureZ,UpSure Co ZA,"Zidane and Real Madrid dodge a few bullets with their victory over Inter Milan ğŸ˜
Read the latest sports news and foâ€¦ https://t.co/uz2k9IazdP",0,South Africa
toisports,TOI Sports,".@SergioRamos craving for more after netting 100th goal for @realmadriden 

READ: https://t.co/yFUnF4iB8Oâ€¦ https://t.co/DYfLelSBKC",1,"New Delhi, India"
VaibhavVmng,Vaibhav Gaunekar_vmng,The reason why I want Real Madrid to win more matches is because I don't want them to use the buy back clause for Râ€¦ https://t.co/tsggjnmYBJ,0,India
akinogunduyile3,akintomide ogunduyile,RT @Route1futbol: Rodrygo ğŸ‡§ğŸ‡· has become the first player born in the 21st century to score five goals in the Champions League. ğŸ† [Opta] #Reâ€¦,8,"Lagos, Nigeria"
sportstarweb,Sportstar,"ğŸ’  #SRH seals a place in #IPL2020 playoffs
ğŸ’  England announces squad for series against South Africa
ğŸ’  #RealMadrid eâ€¦ https://t.co/Cq6fbnEQce",0,
Ehsanahmadi002,Ehsanahmadimaher,RT @Bolt_Global: âš¡ï¸#RealMadrid will be looking for their first #ChampionsLeague victory of the season when they welcome #InterMilan to theâ€¦,310,
anieceva,nieni,RT @Bolt_Global: âš¡ï¸#RealMadrid will be looking for their first #ChampionsLeague victory of the season when they welcome #InterMilan to theâ€¦,310,"Akwa Ibom, Nigeria"
laupeep,Laupeep,RT @Bolt_Global: âš¡ï¸#RealMadrid will be looking for their first #ChampionsLeague victory of the season when they welcome #InterMilan to theâ€¦,310,
dna,DNA,"#UEFAChampionsLeague: #RealMadrid, #ManchesterCity, #Liverpool and #BayernMunich register crucial wins

#UCLâ€¦ https://t.co/51zxDmkYDT",0,India
JPS0080,JPS,"Rodrygo scores late winner as Real Madrid beats Inter 3-2

#RealMadridInter @realmadriden #RealMadrid #InterMilan https://t.co/4S5u0aIGZm",0,India
gbengulo1001,Mercciy,RT @Bolt_Global: âš¡ï¸#RealMadrid will be looking for their first #ChampionsLeague victory of the season when they welcome #InterMilan to theâ€¦,310,"Lagos, Nigeria"
TFMOman,TFM Oman,Rodrygo's late strike gave #RealMadrid victory over #InterMilan - their first #ChampionsLeague win of the season.,0,"Muscat, Oman"
RealMadridUnof1,Real Madrid Unofficial,"Zinedine Zidane: â€˜You always have to believe until the endâ€™
#RealMadridInter #RealMadrid #UCL

https://t.co/0pzyVEdLFR",0,
srikanthmeka3,srikanth meka,"RT @Johnnysiva7: Sl team agian won gl #Dream11IPL #dream11teams #RealMadrid vs #InterMilan  7th gl in football
@happyranjith @srikanthmeka3â€¦",3,"Srikakulam, India"
qazetaz1,Qazetaz,"#Rodrygo revives #RealMadrid's #UCL last-16 hopes with late #winner

#UCL #UEFA #ChampionsLeague #CL #Madrid #Milanâ€¦ https://t.co/ErCF3rBLsx",0,"Baku, Azerbaijan"
tigers39wz,tigers39wz,"RT @Johnnysiva7: Sl team agian won gl #Dream11IPL #dream11teams #RealMadrid vs #InterMilan  7th gl in football
@happyranjith @srikanthmeka3â€¦",3,
KeshFemzy,femiğŸ‘‘âš¡,Give away!!!!!!!! First twenty people to retweet ND follow for instant follow back. get d sum of 5k each.â€¦ https://t.co/TIQjt1O6QU,0,"Lagos, Nigeria"
CGTN_Sports,Yuan Guan,"RT @CGTNSportsScene: âš½ï¸Winless and in last place in its #ChampionsLeague group, @realmadrid needs a victory against #InterMilan to ease theâ€¦",1,"åŒ—äº¬, ä¸­åäººæ°‘å…±å’Œå›½"
Johnnysiva7,Johnny Siva,"Sl team agian won gl #Dream11IPL #dream11teams #RealMadrid vs #InterMilan  7th gl in football
@happyranjithâ€¦ https://t.co/8OsT5Gyhop",3,"Vishakhapatnam, India"
ibrahimibuMI12,I_B_U_P_R_O_F_E_N IbRaHiM,"If Anyone say Virgil Van Dijk Is Best Defender Please Su*k Sergio Ramos's Dick And Thank You.
#Ramos #Ramos100 #RealMadrid",0,"Bengaluru, India"
jgrilo777,Zapatini L'Avvocato,RT @sportscreamers: Cristiano Ronaldo with the volley. #realmadrid #football #HalaMadrid  #cristianoronaldo #soccer #futbol #goal https://tâ€¦,21,"Torino, Piemonte"
aymanjama8,Iman Jama,"RT @realmadriden: ğŸ‘”ğŸ¤ President Florentino PÃ©rez exchanged gifts with Javier Zanetti, @Inter_en deputy president ahead of the match.
#RealMaâ€¦",72,Somalia
dayoiye,Dayoiye,RT @Bolt_Global: âš¡ï¸#RealMadrid will be looking for their first #ChampionsLeague victory of the season when they welcome #InterMilan to theâ€¦,310,
Velazqu45836275,Benjamen,RT @Bolt_Global: âš¡ï¸#RealMadrid will be looking for their first #ChampionsLeague victory of the season when they welcome #InterMilan to theâ€¦,310,"Lagos, Nigeria"
sportsultima,sportsultima.com,Get The Latest Real Madrid Home &amp; Away Shirts Plus The Official Training Wear Here https://t.co/hsZPOTZnGOâ€¦ https://t.co/95nWTQei0a,0,UNITED KINGDOM
Jonesdozi,JonesDozi.com,"How To Achieve Your Real Estate Investment Goals Using These Tips - Oluwakemi Adeyemo https://t.co/SXY5xVNIaO
.â€¦ https://t.co/DNlDdmhKfR",1,Everywhere you go
Crown1Crown,Socius = friend,"RT @Futbol_Agent_: Congratulations to @SergioRamos for reaching 100 goals! What a great milestone to achieve. âš½ï¸âš½ï¸âš½ï¸ğŸ”¥  

Is he currently thâ€¦",6,Ibadan
Racheal2441,Gabriel John,RT @Bolt_Global: âš¡ï¸#RealMadrid will be looking for their first #ChampionsLeague victory of the season when they welcome #InterMilan to theâ€¦,310,
Jameshoward2441,James Howard,RT @Bolt_Global: âš¡ï¸#RealMadrid will be looking for their first #ChampionsLeague victory of the season when they welcome #InterMilan to theâ€¦,310,
owoadeadegbola2,Chrisjay,RT @Bolt_Global: âš¡ï¸#RealMadrid will be looking for their first #ChampionsLeague victory of the season when they welcome #InterMilan to theâ€¦,310,
RMFNepal,Real Madrid Fans;Nepal ğŸ‡³ğŸ‡µ,"@RodrygoGoes is Something Special in the Champions League! âšªğŸ‘ #UCL

#RMFNepal #ChampionsLeague
#HalaMadridYNadaMasâ€¦ https://t.co/ZqLMjDNsMD",0,Nepal
manysanae,manuel sanchez,"RT @DaniCarvajal92: Happy to back âš”ï¸âšª step by step ğŸ’ª

#halamadrid #realmadrid #hastaelfinalvamosreal #DC2 https://t.co/EAe9O7JP1D",614,pedro brand
mohdm2m2,mohd najem,RT @footballitalia: Wednesday's Italian #Calcio headlines in English https://t.co/GSeA5INDzz #FCIM #RealMadrid #Atalanta #LFC #Juventus #Laâ€¦,9,Bahrain
Nilanga10795075,Nilanga,RT @Bolt_Global: âš¡ï¸#RealMadrid will be looking for their first #ChampionsLeague victory of the season when they welcome #InterMilan to theâ€¦,310,
Obakeng_Soul,Obakeng Ramaboa,"After all is said, the right teams won last night ğŸ™ŒğŸ½ğŸ™ŒğŸ½ğŸ™ŒğŸ½

Madrid gave us a scare, now we are back!!! Celebrating thâ€¦ https://t.co/2QiqrjIVPc",0,Johannesburg
sexybabe4321,Neepubg19,"RT @Bolt_Global: Real MadridÂ will be looking to record their firstÂ Champions LeagueÂ win of their 2020-21 campaign, when they travel to Germâ€¦",295,
apaztabora,Alex Wilfredo Paz T.,RT @footballitalia: Wednesday's Italian #Calcio headlines in English https://t.co/GSeA5INDzz #FCIM #RealMadrid #Atalanta #LFC #Juventus #Laâ€¦,9,Santa Rosa 
icazayn,Annisa Rickastari,"This blood is white. This blood is yours, Real Madrid. @realmadrid #realmadrid #madrid #halamadridâ€¦ https://t.co/cd8zyro9Uj",0,Indonesia
Its_SuNnYzzZ_77,Sunny â­ï¸,"Whenever i see Sergio Ramos, i think that how will we replace him when he retires? How?! #RealMadrid",0,Gotham City
CGTNSports,CGTN Sports,#RealMadrid thwarted a second-half comeback from #InterMilan to win 3-2 on Tuesday and give their #ChampionsLeagueâ€¦ https://t.co/xI3cyJmOCQ,0,"Beijing, China"
goalooco,Goalooco,"Ramos scored the second goal for Real Madrid with a header against Inter Milan. 

This is also the 100th goal Ramosâ€¦ https://t.co/kfgzfvF4CA",0,Indonesia
juggernautdibu,Jimmy Hoffa,"RT @maubreakingnews: Real Madrid rally for point behind imperious Casemiro showing 
https://t.co/hKKiEYeSCT #casemirocasemiro #realmadrid #â€¦",1,GLOBAL/THE STREETS 
PraizePraises,Praize PraisesğŸ‡¸ğŸ‡±,"Hala Madrid we d BESTğŸ³ï¸
#Barcelona 
#RealMadrid",0,
NgTrinh39386138,NgÃ´ Trinh,"Real Madrid 3-2 Inter Milan

#C1 
#RealMadrid 
#InterMilan https://t.co/S48HgWByl9",0,
khadka_parashar,Parashar Khadka,"Kudos Captain @SergioRamos  For 100 Goales ! Bravo ! 
@SergioRamos #SergioRamos
@realmadriden #RealMadrid https://t.co/GwSpaNdB05",0,"Kathmandu, Nepal"
SyrianskyS,SyrianSky Secret,"RT @SyrianskyS: Santiago Solari will discuss the importance of Real Madrid University School in continuing the club's global leadership,durâ€¦",4,
playbyplaypod1,The Play by Play Podcast,"RT @SempreIntercom: ğŸš¨ #SempreInterTV ğŸš¨ 

Match Reaction | #RealMadrid 3-2 @Inter | #ChampionsLeague Dream Dead?

@cammyanders &amp; @sarlfm reaâ€¦",19,
Onmanorama,Onmanorama,#ChampionsLeague | #RealMadrid boost hopes with narrow win over Inter | https://t.co/zSuxyjxuRp,0,Kochi
SabriB10,Sabrina Belmonte,"RT @SempreIntercom: MATCH RATINGS: #RealMadrid 3 - @Inter 2; The match offered more than #Inter were willing to take, so here's @mesuneet'sâ€¦",24,"Toronto, Ontario"
AFC_Colton,ColtonğŸ‡¨ğŸ‡¦,@spectatorindex Dani Ceballos to Arsenal is a â€˜done dealâ€™. Total agreement reached with Real Madrid and here we go!â€¦ https://t.co/y0NArJtgRm,0,Canada
davidol02378212,david oliver,"RT @am_spotlight: I am happy to score this wonderful goal for my team.
#SkySport #CristianoRonaldo #CR7 #messi #Neymar #LaLiga 
#PremierLeaâ€¦",2,
FootballaxisC,footballaxis.com,"Rodrigo smashes home the winner as Real Madrid beat Inter Milan 3-2

SERGIO RAMOS scored his 100th goal for Real Maâ€¦ https://t.co/sdsbr4kzC9",0,
am_spotlight,Odianosen glory,"I am happy to score this wonderful goal for my team.
#SkySport #CristianoRonaldo #CR7 #messi #Neymar #LaLigaâ€¦ https://t.co/0WWg3KFtFB",2,Nigeria
makhany_points,Maakhan,"ğŸ’¯ goals as CB ğŸ”¥ğŸ”¥
Sergio Ramos ğŸ¦.
He is the best center back of all time ğŸ™Œ.
#RealMadrid #ucl #SergioRamos",0,
harinduama,ğ“œ3ğ“ğ“©,RT @Bolt_Global: âš¡ï¸#RealMadrid will be looking for their first #ChampionsLeague victory of the season when they welcome #InterMilan to theâ€¦,310,Sri Lanka
Khalid000074,Khalid Mangariya,RT @Sports_NDTV: #RealMadrid thwarted a second half comeback from #InterMilan to win 3-2 on Tuesday and give their #ChampionsLeague bid lifâ€¦,1,Nuh-Mewat Haryana India
Sports_NDTV,NDTV Sports,#RealMadrid thwarted a second half comeback from #InterMilan to win 3-2 on Tuesday and give their #ChampionsLeagueâ€¦ https://t.co/0uKguwZ9je,1,"New Delhi, India"
OpuBiswas8,Opu Biswas,RT @Bolt_Global: âš¡ï¸#RealMadrid will be looking for their first #ChampionsLeague victory of the season when they welcome #InterMilan to theâ€¦,310,
CGTNSportsScene,CGTN Sports Scene,"#ChampionsLeague : #Bayern extend winning streak, #RealMadrid  sink #Inter , #Liverpool  crush Atalanta
@FCBayernENâ€¦ https://t.co/f0uMS4bBoJ",1,"åŒ—äº¬, ä¸­åäººæ°‘å…±å’Œå›½"
ahmed13hz,Ø£ÙØ­ÙÙ…Ù‘Ø¯ Ø§ÙÙ„Ø­ÙØ§Ø²Ù‘Ù…ÙÙŠÙ,RT @footballitalia: Wednesday's Italian #Calcio headlines in English https://t.co/GSeA5INDzz #FCIM #RealMadrid #Atalanta #LFC #Juventus #Laâ€¦,9,"Damad, Kingdom of Saudi Arabia"
dikun89,dwi kurniawan,RT @Bolt_Global: âš¡ï¸#RealMadrid will be looking for their first #ChampionsLeague victory of the season when they welcome #InterMilan to theâ€¦,310,Indonesia
MilitoInter22,Eduardo Falcon,"RT @DamiDev_: Foul or not ? 
#Hakimi vs #Mendy  #RealMadridInter #RealMadrid #inter https://t.co/bCid8PoHQ9",2,
ARG_soccernews,Argentina Football,"RT @CGTNSportsScene: ""We all know the kind of person he is and the player he was. I wish things will go well for him.""

-#RealMadrid manageâ€¦",2,Bangladesh
franklysundiler,Sundiler,RT @SportsOfLife_: Sergio Ramos scores his 100th goal for @realmadriden in all competitions #SergioRamos #RealMadrid https://t.co/fGir92Ri3M,9,All around the world !!
flakojimenez,JosÃ© Javier JimÃ©nez,"RT @ESPNDeportes: Los 1ï¸âƒ£0ï¸âƒ£0ï¸âƒ£ goles del CapitÃ¡n. 

#UCL #RealMadrid #RealInter https://t.co/cNFpfSO7xJ",12,Guayaquil
waleed_rf,waleed mehmood qari,RT @SportsOfLife_: Sergio Ramos scores his 100th goal for @realmadriden in all competitions #SergioRamos #RealMadrid https://t.co/fGir92Ri3M,9,Kashmir/Dubai
Jasoninho10,Joga Bonito,"ğŸ’¯ Sergio Ramos has now scored 100 goals for #RealMadrid in all competitions.

âš½ 72 goals - La Liga
âš½ 14 goals - Chaâ€¦ https://t.co/ci5Mso6jl8",0,
DoubleGyori,GGyori,Afta d whole winning pls don't fail us let's continue to win over evil since winning is in our red blood under a blâ€¦ https://t.co/6tEY1gwNtk,0,
amaradumi94,ğ”‡ğ”²ğ”ªğ”¦ğ”«ğ”¡ğ”² â‚¿,RT @Bolt_Global: âš¡ï¸#RealMadrid will be looking for their first #ChampionsLeague victory of the season when they welcome #InterMilan to theâ€¦,310,Sri Lanka
hylber420,CryptoBrad420,RT @Bolt_Global: âš¡ï¸#RealMadrid will be looking for their first #ChampionsLeague victory of the season when they welcome #InterMilan to theâ€¦,310,
Nzubemush,Programmer QS Moshe,RT @Bolt_Global: âš¡ï¸#RealMadrid will be looking for their first #ChampionsLeague victory of the season when they welcome #InterMilan to theâ€¦,310,Nigeria
harwoodtkd,Paul Harwood,Congratulations @SergioRamos on scoring ğŸ’¯ âš½ï¸ for @realmadriden #UCL #RealMadridInter #RealMadrid #HalaMadrid https://t.co/k5z3m3698l,0,Worthing
LeonardLevani,leonard lowe,RT @footballitalia: Wednesday's Italian #Calcio headlines in English https://t.co/GSeA5INDzz #FCIM #RealMadrid #Atalanta #LFC #Juventus #Laâ€¦,9,tbilisi
anirpaul,Anirban Paul,#RealMadrid claim first Group B win with late Rodrygo goal https://t.co/i5dYvf6lDm #UCL #soccer #football #ChampionsLeague,0,"Kolkata, India"
alenpila,Alberto Pirone,"RT @ESPNDeportes: Los 1ï¸âƒ£0ï¸âƒ£0ï¸âƒ£ goles del CapitÃ¡n. 

#UCL #RealMadrid #RealInter https://t.co/cNFpfSO7xJ",12,San Diego - Venezuela
PrimeTWildATG,PrimeTWild,My boxing training #cafc #QuintaPH #Elections2020 #ElectionNight #ElectionDay #Trump2020 #Trump2020 #Trumpâ€¦ https://t.co/LKtOiSEsLX,0,
SUHAIBIQBAL12,PEERZADA SUHAIB,Sergio Ramos now has 100 goals for @realmadriden ... And he is a centre back... One of the greatest player in realâ€¦ https://t.co/icz1I9EsJT,0,..    .. 
IsuruSasanka6,Isuru Sasanka,RT @Bolt_Global: âš¡ï¸#RealMadrid will be looking for their first #ChampionsLeague victory of the season when they welcome #InterMilan to theâ€¦,310,Kurunegala 
usportsnow,USports,New COVID cases at Real Madrid! https://t.co/jjpbAB05ec #RealMadrid #COVID19 https://t.co/iYZBlOXKcE,0,
Foli23,23 Savage,RT @SportsOfLife_: Sergio Ramos scores his 100th goal for @realmadriden in all competitions #SergioRamos #RealMadrid https://t.co/fGir92Ri3M,9,
kenya192004,kenya Martinez Reyes,"RT @DaniCarvajal92: Happy to back âš”ï¸âšª step by step ğŸ’ª

#halamadrid #realmadrid #hastaelfinalvamosreal #DC2 https://t.co/EAe9O7JP1D",614,
da_rik1,DA RIKI,"Real madrid 3 vs inter milan 2 match highlights , Goal in HD https://t.co/oa3bTkHNbo
#RealMadridInterâ€¦ https://t.co/fPLrctfeWu",0,indonesia
